id,answer
5e7a923dd6e4ccb8730eb95230e0c908,1996年
a2e9cd802197b8f8dfbe235e2761f9ed,荷蘭叛亂的背景對於認識導致三十年戰爭
c7c8a85b3f0006d44d86510a22193620,1774年王倫叛亂中曾提及一個組織叫義和拳，1813年
7f4f68726faed6b987e348340a9e6a61,2007年
89908ef5182021a9aec1472c5bbcbd8c,2001年
14f4fbc7e40d017836f414e71acead71,劉備所建，他直到赤壁之戰
4911c04597a5e2d7eb539efa00c053f8,1937年
755ebc079613e214f1abd5d52a6e8d32,1949年
38e45c1c2c6e7a96080bd753c7fadb43,1989年
d52156507573c4742d4e75a887e5b5d7,378年
196459cd4f5ef8c3131171430d4eeaca,1984年
f5594e2e303b34fb1620da127d930d9c,「所有權」
a5ba4f33e0a83a9ecba9b0f3adfd7b14,1950年
63ea80494c552fecb4b54eb64f226686,1948年7月29日至1948年
ba806d826731e8dc38c8e8f1300b6726,劉備展開反攻。揚州
9fe42ca2d1efeaa8e1fd45120612cc8e,1997年
ddbea2ca7dda8989670a5ff773eb243a,2010年
d82f4c4513687055ce042071780452e4,隋唐時代
3d5d21134f95a76609c8441eb73813c4,馬炎稱帝
4c2f00fb03ad43b8209325c21201905a,2005年8月推出精選輯《知足just my pride最真傑作選》
39ab6557763c3f915179675dedf63b30,1927年
adb2675ed651e3f67ab671f82cc264fb,2013年
b8664bcbea5402f9fa5885b9ed231f12,美洲中南部，是北美最大的水系，流域面積約為300萬平方公里
e2d2afe821fc59ddc9227d64e35c7c32,1997年
e84fd3b41339ec4558004d66ebda27d0,徐州
f7dba33d747a99b0429e08b4c1ac3363,1991年
0ab024ea410b8dcf969f868e4c114fe7,1996年
37bc5ae3cd3acd6788727c388c397b1d,五個全責成員，除了土耳其、日本、韓國
d2a6608bafac0e882e002bdddc63db64,2009年開始規劃公車捷運系統，2013年
ad3029557fb36d544b35f1aec3fbc865,1945年
8d38d1718277da29fee660dcef42ac46,《中華人民共和國憲法》
09cb4edaa869505cd516d727ff4758fd,土耳其之間有外交上和對大屠殺事件承認問題上存在爭
6bdd2dc8bbbdca1034cba722ec182d98,艾塔斯卡湖至明尼阿波利斯、聖保羅為上游，長約1010公里
6694159995d0c7acf63cedb816d2beb6,維基媒體是一套基於網路
237fcd7ae827d78952c9e102123dbe62,小行星
8fba5163cafc7c9f7b3e772aff3658ea,2008年
fae75c17ca82f292c196294625258a80,1945年8月15日，日本昭和天皇錄音宣讀《終戰詔書》
0d092b332bd42301a0f90ae706e41e61,15年義
09d280b721aba108c5f23e2935da60b8,2008年
758c8ecbb9d846c0eea65f8e030e3b30,《經濟、社會、文化權利國際公約》
e88f40dbb7d96a7b1492faa139f131eb,1950年
7356186cc97b5886809ffee83ac04d93,三級管理，設有少年
a0adac4acd0a50397a77d9685351be81,100年左右，它擁有450000的人口。到早期中世紀
f24fa605a776040ace63cbe06fefaa7f,2010年
8b39ea7de68916747694ee8c067f9a18,1941年4月，《大公報》
fc4aa703132069af01b46b80b8926fae,1990年
e3c5c08f75ce0efae51b73cc3ddfb564,七年戰爭
8db285906d93a358467ec1e26f8dd294,2006年
162146ba9705943f9dbe2acc38df9a10,杜諾諾所建立，當時名為第二紀，以相對於現代的第三紀
d2b814fc7e42ff4a009d0bef2e45121e,文主義
d2760b53cfec7122f970d0da8892bdac,2005年
26b334f765f5cb024ca1f03f005626d5,2012年
05e399abc3e32f01bd2252365f9dcc96,蘇格蘭，有一些蘇格蘭國教會的教堂，在宗
cd8c0590f03f7d7c9e3cdcd8b8151167,16世紀
e0ea97598f9581af2545849e50be240a,1999年
6747fa16af9ecec16411f331f1ffacc2,1972年
bf978949444b59d48d1726cc0ee2c095,艾塔斯卡湖至明尼阿波利斯、聖保羅為上游，長約1010公里
91743312a7d0e6afa14d864c32225cd4,1997年
f3a151a19bd7ff605e0a78540a865b10,橫，湟水河
f8dc5b8e2ce2aad1c21615e6cb44669e,2016年
16224a4ba97c1131cd95fe492c3651d8,阿烏馬達，是16世紀
9b68f065c607b688fba428a02c4313c2,1991年
6daced661e57826af007d511eb0a26a3,1997年
44862cd9d221786088b015adfb122df2,荷兗日鐵路
4230c5ff12e4efaa24d309e8750ff077,《行政院功能業務與組織調整暫行條例》
35f95deac7a7ed5326c47bc498222e95,吳重臣陸凱
992806485ca338f51115364ffcd1c894,前所知有相當多關於世界遺產的爭
c1cb6699c12fa97d98d4b50acfe24078,1992年
3ae2000d7df822d5948453092763fc79,2002年
ba9cbdf1823c859bb1c7bb29ecb072d0,1936年
d248410b98dd74dd60eab5a65d47ab57,《中華人民共和國憲法》
fa47adfdcf01d2cfed5b5652b8ce72e5,《抗美援朝》
4dc403fead6031f91139aaa8f7f34536,2014年
7dd853027b5e38e65cd11d48020bd18d,鄧小平讓在國務院
4118829deb963df6a256958a92956116,阿拉伯國
0a8c59b26a6bca0f4135458db0147543,劉協為帝，即漢獻帝
4a047f7b90ba895a48492ecbd041e1f7,2010年
5ed4e9758e5709a5e38bd7a2c3812801,舊有的河道通航能力很小，元朝
42829f4621afad8a037b51ce8987a75e,1980年
ba5b79e82cb28dc791cf18f196f29a16,美術，有著獨特的廷續性，明代
a106be069e3193e4538d7ac2ea272ff0,第十屆全國人民代
d0304d10ad5d9d4d7080585598eee3d2,《針灸甲乙經》
287c7bd8e7f32775c8931abc10e7013d,2008年
91218a6bde635063f01ebebd99902dea,1960年8月25日至9月11日在義
1b496b891441a55a8a2a3983c33c9595,1968年
972bbfdbab5b69f965e4876df564ba63,農會，全國唯一的工會為「中華全國總工會」，受中國共產黨
d138f7fe54ac70cb275383e0d4d5a501,2011年，《中國青年報》
ebb8635f8a9786f0b4ae5823a20f82d1,宋院
b20ea5d771b62f8c418e103523739b64,薩克森邦的另一個經濟亮點是德意志展覽股份公司
521fe2c187ad31e0e15159221fc11b86,《中華人民共和國人民警察法》
58a49dab36bc5589133fa8d7326d4a5e,1848年美墨戰爭
67c06184200c0d94546ca2536327c6e5,董卓遷都後自封太師
cd5f4d3cb8a7fcebcd618688f8a5c97f,1980年
08f760d109d955162a21932c2490a116,1958年
ba1b1fb9bd89a76f7302b57320cc3f97,1984年
345ffbb13230aff3fb3e774e65017191,俄軍在東線進展的關注與日俱增，並且決定前往迎擊。在1758年
36969632ec47dda467e8db260f256609,隋朝
9eaa5003af53a026c5b8d062ff2688a8,俄式食物和朝
c246fccb3b3f5b11c4321c6c4668703c,俄英條約》，於1756年
30f43f2ad3dcf93ba8371529ee6d7312,周初期
c42fe73536c6371c371bb7e14f1c904a,烏克蘭人的第三個重要的國家是哥薩克酋長國。自15世紀
b50ea1bea852b8f38083e70d8a491cde,2008年
5d16fbc913f85477ff18dcd79e2ddac4,1789年
d7701c09aa0ef22581075f3d548d8624,1916年
e1c8972a04d5749cd18fe1660cc43325,1980年
3cfe538f49e5e91815a2180d4bf5c54b,美國首都華盛頓
6ac374a90735ed4040e322ebae43b1d9,1960年8月25日至9月11日在義
1e8a6d8fa01f17a9be3b8e8b492cca46,俄羅斯。只有刻赤海峽與黑海相連。長349公里
faf0f5f258c2cc5f1671cb63c9342b54,1801年提出的。1929年
520ab8c4d610aeed157bf27ccf5825c2,曹魏將分軍隊
c5cf7aefce07e167b5e3370c0e4dc8c4,1994年及之前發布的標準，以2位數字代表年
f4ec823d5c39b1e51eecfaa1471f291f,俄羅斯。只有刻赤海峽與黑海相連。長349公里
00be08393b8e78f8226e45d0fb376dac,1993至1996年
6ad2fa80497df702cd40d15132e02258,2011年
9f74d35c7466c739292e55a79f2d8a76,2006年12月19日正式宣布參與競爭；巴西則在2006年
41a85e7a471076380967875696631fe5,阿曼、卡達、沙烏地、敘利亞、阿聯和葉門；巴勒斯坦、馬格里
513d28e38aaa337459324437af79fc9b,中國共產黨
07459cf6f9169bed99d8a47156ad33f9,1949年
a05a4c4c330ffc8876f15414c0627e5f,2007年
4a5c787f7849ec8c6efe7c0ca1a361e9,古鎮鎮的燈飾業、小欖鎮的金屬製品業、沙溪
62ff3e476827711513256b502471080e,1980年
5cbd2fdc0eca9dc240fc8ecd438786db,《世界人權宣言》
f1280aac8a952da7ca14c729c7001dbd,伊斯
36b35dddc15dda8f8812f1f279f313f7,2013年
c7cb7d4286baed3b080a25c27610d027,馬德堡
2e3e47f0cd7e3a48bde90d324c79ca21,《行政院功能業務與組織調整暫行條例》
07ca2c3e2776a07c2d17a986e06e7e6b,《龍鳳仕女圖》以及戰國時期的《御龍圖》
d79b799b4ff863fd1bd2eb85bc70daf3,1949年10月，中華人民共和國成立後，成立政務院
85a9f3f0ce7c11e80e02b5b5d73253a0,1848年美墨戰爭
702ec82f667894ed8d376095519caddf,1974年
90b7ee5346d439902ace2332bfaf64da,永濟渠和江南河
9c51640b189f65ae18e964d9937a9e11,1803年
7641e057b254d013575d93061498819b,2011年，《中國青年報》
2c4cb793bd7273711658c7a84d7c5cec,曹操鑑於東漢弊政，用人不重虛德，反對「阿黨
a6507d225ffd6745b38ecb55c7e7d27f,穆斯
3b352acf910f76e11523c10243a64ddf,1968年建成而全線接通。目前京滬鐵路實際里
808eae5f9ad38273b0daa03394cde61c,2007年
cb8a0de64b797e963e11e97c33cce09d,《禪國山碑》
3e634092937670929f9760e798758ec2,漢晉之際的學
61b8f799482e282fe5544c04312584ea,1813年癸酉之變八卦教也有一個組織叫「義
bf0c255478c2acaffae48eb1d1903d2f,1990年
4cd7b95c93466ef76990c6dade3e4e3f,2009年
6c3bee06c22da81597867b6a1f3a4840,七年
5b41775ab9b3da5ddacb5e6be67358e4,184年
866febb63283eb7bd62f778bfe1b2610,美國著名職業摔角上市公司
a0dcc97e9c092cebee98ff03e073e059,《中國底層採訪錄》
d2c58bf47edcee79fffce75f52d17498,1993年
f98f8349ebb761ea862f5482f72c623f,漢晉之際的學
d00c21b5fb07886183d5544859ced71d,銀行股份有限公司
56411677610d21c3ca1d6c51f3a2714a,2013年
767fb5192c0cdad82418f54e066be301,喬治亞理工大學共用亞歷山大紀念堂球館5年
7965dc2c839bb8348289e15d264644d1,1997年
4493dba8b592fa615f08d0639bde12ef,2001年
b1977499e29c6cee4e834859b044e4cf,2006年
1c4c3bc87eb6220a4aeacda97d42818d,1997，前世界冠軍摔角選手被世界摔角聯盟聘請，包括冷石·史蒂夫
36ffb5275128f470192c84f781dd8efd,2012年
161a2dbfecaf0c8972e74492e30d25d9,1962年
a5a2bb972428eba1b52ad1dd0d52030c,中國共產黨
20416f59083ae96614947af70024ddcd,劉備展開反攻。揚州
352ee970f889c40ebfa65d3e45ca11f4,1980年
714e059c2a0adebf3661dd821a8fdd76,五世紀
1dbe0a0e205fee7062c9eb08b56a4ff3,《改九子山為九華山聯句並序》
cf5ae6311659fe621ae00b241c8c537a,麥克諾特彗星是一顆由澳大利亞的天文學家羅伯特·麥克諾特在2006年
6451b08136e296a35a581c2f756418d3,2010年10月17日時，IMDb歡慶了他們20週年的紀
a5bf25424fba1fdf83b85fe4be5e37dc,16世紀
81457cb9fd4fbf6098d15b585849586b,1934年
c8d4b9d40966d879d3f5156016ecb201,1802年
54508933cb7eeaba6d46dcc28983e096,第二條之定義
6f99579cb5d73e69e7bf4928cc0fa604,1965年
b0f3fa7e32fb53507a5213fac5125b3a,1980年
4bebc5ee51f0d8e107ece7e12d365b6f,1933年
fa224766f4942d6c40e0c41c3201170f,1841年1月26日在香港島，今日上環的水坑口登陸。之後根據1842年
fa6f58fe6755ec816fd49d52ca8ac2e6,新聞言
6193b1a91fe147cbf55b32d5ec5139c5,瑞克，希爾德斯
fe765576eae6a258795423f100a05236,1945年
3d1ebfb05f6588be1587d51392e0c492,2016年
31c266b80c850a138a7669e4fc4b058a,《中華民國憲法增修條文》、《兩岸人民關係條例》
9c889d788e8b9bdc78f3447573781baa,農會，全國唯一的工會為「中華全國總工會」，受中國共產黨
b9a1db81ea766329f69f7b165d19992a,《憲法增修條文》
2258da4122be27124bf77cf8c2e48069,1928年
98366d2d69d3e02c9e4e38bdeed1ab22,2011年
cd2e153522b8ee00f38547693a367946,1949年
143b87ee29a016e98f86814af1b045c2,19世紀
69cec1a49af750941f43c8988a6c1305,《為愛而生》
ec2c0a7c24ad65cbf1f581efca31cb54,劉聯盟
9d192637159761451e48a35f88dc0d76,俄的外交政策。但1907年英俄修好及結盟後，鄂圖曼土耳其開始懷
d6caa170877795be542bc406c88fb907,曹魏主要戰爭
1c2a632ae6d50e01e50976dc4d8ec7e6,2006年
cfe28c26e849df922e2931f1002145e7,2011年
e16906ec74129634f0fffc3923d33bdd,《天津政俗沿革記》
fae4ca4d5c2d67037a3834b71226ceeb,1984年，最早開工的是瀋大高速公路，最早通車的是1988年
6b7890a696fa2daf0bc026ba366d710f,1993年
2f8cf8e77c1e4a7204a742e6a617d965,唐都長安和東都洛陽建設，城北為皇城和宮
c056a173477d144a186825fd81d1cd11,2012年分別被環球唱片及索尼音樂娛樂收購。EMI於1931年
dedd3926948fad149a1a272638bc7058,1996年
dc38644e0de1275ac66ee4b1e2a0ed70,1801年提出的。1929年
956107d698a7143075a0d654e908d012,18世紀
516a18e3e4ae7764b7401aa55bfec0b0,杜勒-哈米德二世統治下，改革成效不大，一群年
070375bff3e970c22390a505494389b1,白方格旗廠徽，並且沿用至今。1929年
a68fa64eda70b3084300a1ebfd4b9ef1,2016年
22723c4ed32288e3f7d17acf60be1112,1950年
7e01eb8c7ce8cddfd1c8f35daf51ff0b,瑞士的委員會制本質上是代
dad84f95a2d7a705eaffcc62aba603d8,1999年1月發現的仁義師太肉身是世界上唯一的比丘尼肉身。在氣候
02a9c0b4c998de4ada88f1247fa1e530,1999年
6ddec482c903fcdf11c176d9e1bfc96c,1945年
544c5fa16d959c1d339965b022c41d2c,1990年
23b8a1f4a68f2b54f347c27f22cc112f,19世紀以來逐漸增加可能是氣候
2e7f25ca3e5dd813ff679895fc222f00,2008年
3fe98ea987fe896467f1f43c51353a94,1950年
b464cabfa8bb33a51a2ebddddbfbb05e,1240年
72e628c8028edd410cca716d4898afb8,2004年
0820125d67cbe114e9fd104094330c7b,奧運會的國家有中華人民共和國、比利時、加拿大、芬蘭、義
0a9a7732402a9ff11fd5ac88b4a377c2,1984年
b2994907dbfe3e63967fc837e999e761,曹魏、蜀漢及孫吳三國。這三國大致繼承東漢的疆域及政區制
2c5ff1504e8daba4b36f42c3c94f60b5,耶路撒冷穆斯林稱為古都斯。在7世紀
838a0b17528f57956967923a4e9c4df0,1960年
ee083f561e535832d18e3f0e98224ec2,《凡爾賽條約》
4f8357bb126165070ee4436553651899,1761年
7561101d64ece7eff60a2f3f5b9591d2,秋末年
64a9236e9c2eeddc74c412b544cdeff3,《中國共產黨章程》
f0d25276e28c3f82710343bfee476782,16世紀
b4405f9463b04c80bcaa2f66cac045b5,馬來人
c19ec4cc31fec156fdded6c0ecd932e3,1994年
26a9eddd77f3a03ee85c3743e894a7cb,黃河自西向東，穿境而過。淮河
5c5eb80f85cee20963ccdb7ac75b56ac,馬炎稱帝
99eff919f80cb48c0b74fbf350afd265,2012年
b4d3530eeaebf0e69cddc778d5582c85,葉門是一個實行總統制的共和國。總統為國家元首，任期為7年
8415d22e361bfc911e8467a4c1950a33,2015年
fa95164d03beae6dd4f661cc22110508,2011年
2041594c6a3513be6c0cc4fd56c402fd,英語
14b44677bcbe07f6993fc691a2c40508,1960年9月撤昌化縣入臨安縣。1961年
45cb832fcd1e82b8dd585408631216c7,1978年創辦了著名的少年
b87145e58295c499bb028770ed9ad99f,《中國共產黨章程》
702b1080f94bf54018407dd8388527f7,2008年
c48bca4b7fc8933a4b51bd4220f5283c,2015年
8de7618233dc57a89d4eddcdf64a4611,1922年
dfaf28d5ada2fc197ac8a074b1db9b27,1848年
cd98c5b46083a79573ff98b5bae4bd5d,紹的時候
0ccbe6b413b0c903ccb8afb856aec770,俄軍乘德軍在開戰
f78eb850d37ff1a3ddc49396f9dcf3ff,阿提拉的領導下，極具威脅性的匈奴人於451年
252ebe51c50298bf3f9943ae6d732a6e,《凡爾賽和約》
8f86b10e77d7a7451850be35fb8bac46,馬通用公眾授權條款的最新版本釋出的自由軟體。它的文件
8837cb17fe18bcee7f9bb14df4709d72,碳是空氣中常見的化
318ac659dc7b4a2681228cdd5cb30458,2016年
a5bccbe8d68451aa02fa2027c09e8da1,第三世界科學院
7017f43e4307193c1166d21bc77dc6bc,農聯盟
f788a15b8bd4d5c3e1dd7b334a9e7ddf,《義勇軍進行曲》
953efc7169ce38c69e48661285e7f06b,曹魏的疆域主要是在曹操時即大幅發展，至曹丕稱帝
9af2598aae0ad142fc5e70958227728e,1956年
3277a03d91da4758599660ffb2d80d08,舊石器時代
aa9a92825936e5e619f01e99eda22271,橫，湟水河
0a7a78d9a5a7b124712f68f38a5aed30,2008年
e08a8e6730daf03780bfb464e4d8b3a0,1949年
89167ddc7fb75f9b28ac877bdae8e56a,1980年代初期，原型建設完成，即是林肯實驗室的實驗測試系統。1996年
376601e3d6bd3e6fd4000417deacd692,烏克蘭音
66f8e890ec9357cb5220b4b864d18421,高畫質電視，是一種電視業務下的新型產品，原國際電信聯盟
5d4a0c66796382991eb339a03ead28fb,巴伐利亞發動機製造廠股份有限公司
a4d3f11fc1e590d7e38000e176413ce9,孟德斯鳩的想法，在美國憲法之內清楚地把行政、司
de2dce9a03944c8be289a4e0a4b101c8,2004年8月成立的中國國民黨
6f6ebf3abc34388811b1837ad1691d3b,《中國共產黨章程》
97ef49cbc3bda890c9d0463a93dbe51a,隋朝
d0b226827a72b54fa5ef8e2a513341af,17世紀
37e11b15bb7800ac514f6c90812a41ca,1990年
0633785aacdc60c6895f46da707c3553,「HDTV-compatible」是兩個為廣泛的電子廠商所使用的詞語
1ad9bf3b2d0bf927ca9d515ddb6f2c01,1947年
21010ef51ed3d27ebeeff319533c9d42,三十公里
99921c937954fadb79ee4aead7f2ff1c,杭大運河
3459bfc009b0f32b6c0ac46c4b1e15dc,2009年
88ce155b34bdebd8a4cb2d81f3f77b81,文主義
fdf95a03c3a0dc2d197e01384f89d791,2008年
332f95e64433679a33fe4d9fef5dcbd2,晉在文學
575d9443ff5002c73cd376dcb0149d10,《岐江新城·總部經濟區概念規劃》
bceda5a594e9585b5629703dbf6ad0a1,2008年
5b9bc9f71707d5c5e8962478ade7e356,薩克森邦的另一個經濟亮點是德意志展覽股份公司
d9df7b0aa581e16a178240193fcd863d,《中華人民共和國主席令》
19b9570b1821cea7fd33fec21d129f04,余紀
fa7562f2f6548749462bfbb5ed301fcb,吳以丞相掌握政事，為常設之職，有議政參政之權。孫亮繼位時年
8b2b0daf4f23ec81a4b2540bc460b561,2004年12月16日，第三世界科學院
5ada5e61af399bc2b2730f4dc95c9002,烏克
da4b37242910e301c4221ec5fdd015e4,史上最早使用年號紀年
ab31403baa79ccc210fca277e338f472,安裝維基媒體要求用戶擁有管理權限能同時執行超文字
4918e760f58637d729ac72ddbcb7ad6b,1962年
abc5626667d2caab09dd222dd3715825,2009年
318ab1cdf5be394164e5a4278007f04e,2009年
9b0de5385dc3894db35a95be0cfba3e9,9世紀
20301e96ff2e23bf6bbeeec6fe676887,1873年在維也納成立。1946年
91fa59f4238f36d93ca5048293db241d,2008年是中國科大建校第五十年
2b074424840343da2710b2c8b3078f11,1908年
e4609bbbeb0d6e0207360c24236bbd0b,1900年
4950440b52a8ad7f4e56d5d6fad85816,1949年
f4a5a12a9808a56780fa46b608d7f9ac,宋院
ecabf598b2121f9d0066ff60cf334d8b,1887年與俄國簽訂《再保險條約》
98cc5d4f5e5ff95ea70e01ee4fa25788,《太平經》為主要經典，又稱《太平青領書》
73ca9ffb3225943ad73e71d1062e5403,清，南至台兒莊，貫穿山東省西部，長約三百八十公里。明永樂九年
7e2530c2c81f7637107ed43c8596e593,黃河。長達三百餘里
2643f0be11d42c0fac7016afde854a7b,1950年，置樂山專區，1968年
cbf4f963d9bcdb5c95d5ef3c5047c7c5,1960年
28ffa27145c72fbbdb4de38b9c83c95b,1980年
fb3d1f5b96d668f44907c362b892377d,2015年
332e5f2f5fd8b03af0e7de18fb670dd0,1958年
417f82e2ed63aefd0b3457812c45b7cd,《中華人民共和國憲法》
dd5e8e6f245a317b9835e10e7b66ed29,十世紀
adb667410161ffa194f35ba0f5f76e49,俄羅斯、烏克蘭至今使用著聖西里爾發明的字母表——西里
15946ddde65910e31d4555b29ad3b79b,1989年
1ad9454b147815250b5c54a309e7a19c,《銀河英雄傳說》
646adfc28a4516d5c1eb43cdcffae6c4,1949年
24dfcfd98f3760505d78a133e975d250,《凡爾賽和約》
e92e938f307dbfda6d353e4b5cadc90f,五種權力：外交權：依據憲法規定，總統對外代
499ddb111f159754c523173e482ed060,私有軟體、封閉性軟體等，是指在使用、修改上有限制
757ca9a2ecc4eb540312482be3f725ff,劉惇、趙達、嚴武、皇象、曹不興
88bb847fc0d8c52ca5c499103ef3fbba,2008年
8d50a1230e8d99f765ecc4159aeea829,《永樂宮壁畫》
69f16dd1205f43e46d88905c33c3de70,羽球聯盟
eb12a711580c7043aa13d9c54ec4bc18,1970年
9199b8238ee09d6e05eb49314839a162,《行政院功能業務與組織調整暫行條例》
085c62f0c8df1667989c73226d17749d,2009年
ef757112dd1cf92a6b060c2ae95bae3f,阿德里
5a86d7575b1802ae2c369373c1ceee4c,弗里
502360561225a15419eea321b0aff5b9,黃土高原西部、渭河平原、河
610aafd57a686c6955c32c4e43ede81d,1945年
bd27c2667d7a1d150a6938682c747949,1970年
737167eb63334dd186d8caec177273d8,隋朝
bdb2edfc5ebc76530aee2fae3bf0485d,1950年
968fdf50ea0dad19d145f9941ae52fe0,1854年
23dbeca9ab7a0b2eb2e893bf22dc50fb,1997年3月29日改為現名，其名稱取自瑪莎在BBS的代
3560df20d938f89d961914687a79eb21,1999年
e7fb8f852d69aacbf2698dbe848f0035,《蜀科》
7fba9e5872a26cd796c9ccc768108195,1913年
6512f10d5f0fd051276bc2b6fc3b0070,1947年中華民國政府頒訂之《全國各地標準時間推行辦法》
80efaf7b5940538e207b16605eeed09d,阿拉伯海，海岸線長1906公里
dbeefd744a456851a772c1e4cf7e7928,1916年
1d1779f3cdd123f0229154163d057fbe,馬軍團成為一支善戰的軍事單位的重要條件
ad3b9928c9894482330b59a17de095f1,《中華人民共和國憲法》
1debec4936f773b9795fa8ab524c6510,2011年
adf053441514f62bda22dcf11ddcee0d,廣域市，簡稱仁
6375075a3144ed2089e847f415ea5b57,白堊紀
e5733a1727de681ebf26c6cd1777df99,新世為地質年代新近紀
09dd54bdb0a6f6971786967f15f0d92d,2009年
812028b1c832259b64eaad14d6f877cb,1947年
2f3b65a8ea1ea0f437ce5710e66af65e,1922年
0345575cd4491d0d28a55c5731868bef,1846年
c9f066bcb9bee96e2361652d5418e9e9,16:9。傳統標準解析度的顯示器解析度為720×57
0afd046f2293f688b439d7b82c65d369,漢在漢和帝後，因為種種因素而走向衰亡：皇帝大多在年
c795f9588755c6cb479c51a55d247621,2009年
bdd9d83094c9e235d06b8edbd6ad050c,1966年
b7ef9146158c9eda1d3cc6d05f69d38a,《三國演義》
c86add29727fba5c48a17d82a86fc160,1645年
0086d9f555cc696f5c57b64cdfd000b6,吳為了聯合蜀漢，派
a1b38f847eea129d3994ba6e325be05c,1945年
ea2bc8b15ca3a1702fe296e8721ed2e6,南，完成了江南運河
4f6386175a929643aaf89d4b83afd1f6,1949年
2b143c82f4da0610b3a10cb3bb77f9f6,威。是對內立法、司
f25d82bf05e7967f4b1e25055637aaf0,聖願。聖女在修院
f364c13462ae662e1166472503df2283,俄國兩軍被普遍認為在鎮壓義和團中最為野蠻兇悍，而且軍紀
86d5f44d277293646e2c489436d7a0f9,1980年
d559103ccb00e5d8023c42138b6b1fb9,1952年前，東德的行政區劃仍為傳統上德國的五個州。1952年
ad5aa8e08de48d830c836ee1e16d2e72,2001年
049d0325275ddd78e80d848379b2f084,《航海條例》
7578dd076735ef0d7569dac882047990,17世紀
dddec5e0a9ca0b53681bcc73ff7ed4f9,吳為了聯合蜀漢，派
8fa84c0da6b7f1468a463578fe0532a1,吳。東漢末年戰爭
7ccc87b0bf8d9a6156491e812fb15f3a,第一次世界大戰是一場於1914年
0de302c3bafbb127d8f05fbe39c9bce5,1949年
e39bc7b384797d19d50d7ad2d5594e4d,美國人口調查局是美國商務部經濟和統計管理局
c02a89e641fd280abca86cab1490924a,1999年
d9901d283f4712a8452c0b26a3ee3c5a,1949年
14946d3c8b8d31686370cae9bac997a0,2002年他們推出華人音樂史上首部自傳式紀錄電影《搖滾本事》
778565df6dd808f43fa146bb2c962171,1969年
6277376f3505cf035eda5b89f429b8d9,孫吳同盟對抗曹魏，取得三國互相制衡。吳蜀聯盟
72e352810328f000fe4c01f063778520,1821年起成為獨立的墨西哥一部分。1848年美墨戰爭
e392860be2bbdef30aeb7eccd7875b1c,哈布斯堡
4754037febd8c7944eb4631de32d4a28,唐絲路貿易交流、宋元北方民族的文化衝擊、明清時期
6386cdaaece3f219330e16fe925b11a3,五旬節運動是20世紀
0e12523163da95a48d6e946074d5a75f,2011年
5908a7bca8affcf92c1f8b033d755732,晉在文學
879f88baa4aeb560ea818adf806a0212,乾燥大陸氣候
655e08fe431810792721345d4195dc51,2008年
73c23f7ce7450af373b7af6559775ba8,1960年
15b783d40c78e243fa73ea7a8dbf752c,2000年入學的本科新生學制全部改為四年
46d512ce4709868412cc648b76399acb,2000—2800米
8e943428548903c45d1f7a46b55d5ff3,《西藏墨脫的誘惑》
f4c8bcff7794cd0aaa2637d3abc7147e,《義和團教門源流考》
80f60b85586b1412d498a1d7464860ff,哈布斯堡統治者感到吃驚和意外的是，同宗奧地利哈布斯堡皇帝
1438c206526cdc94196c330bf5b4e78d,俄羅斯、烏克蘭至今使用著聖西里
1ee71751813438f2e1a3b1859082368f,1997年
80a2db62d58261c5d8fae92634dec3ce,《老子》、《莊子》
4693f998f706e4c31093a83805f24b58,《凡爾賽和約》
fd202785a77ee5ba8df15dc6cd38fff7,1912年6月13日北洋政府農工商部制定了《獎勵工藝品暫行章程》
92f279734a41059c82e47791f2a6f348,1999年
1317ce01949812a00cfe1d47d05bc959,2008年9月20日，科大舉行了建校五十周年紀
01cb98c3b88b5597bb149ba6956172cb,祁孔有；小雅•節南山之什•小宛：中原有菽，庶民采之； 西漢司
2564de978150f93bfb9d7e325c6cbf8f,1949年
0ca85a84f55767db91456c5deba70db0,1960年
07ffc0470d95db8a3f009ea4584778f9,1763年
51943c6b0556826df8101010451536a7,2012年3月成為國家級經濟技術開發區。2014年
d070d4b6da040d2ebe48b531b257f36a,1970年
8cfa63f66593156cb75a4677864a6f90,2012年
3725986e0f1ccd82f19ae715166584d2,三國時期
cb60ae8397871a2b8690f3b16e7b3def,《中華人民共和國人民警察法》
8d2b0d43f78bb107ba0426ad78092fa5,曹操鑑於東漢弊政，用人不重虛德，反對「阿黨
52293894a038182e6ff9b5c90bc21f8e,7世紀
6ba74907ba9efabe9587f2237d364116,百年
261687bdb03ec8006e1499d255e843c9,廣播電台長期
291584d2fe5f1154a2783227839f80dc,1991年
a2ee81d55621bfa86d21729943438a9e,2003年
38a93c9f00a9aaf27b183e37c8b53887,維基媒體是一套基於網路
6e8a5a3af46ec595096c620041df0ad5,2008年
98bf7f1133a79bc191816ddc88518c52,紹的時候
1a19e07926d190cada49d7d14c3d9b73,2014年
403cc5f3284ed862fd8ad40457f19574,2017年
dae61b90b1d37b371b013504a305b24d,1949年
14b8a6729d187803668542563fce1629,武術是中國傳統文化的重要一環。民國初期
ed572b0a45e270347b89f8419b20d76a,2016年
eb2700f886ad027213ed15dc23b6a8b1,麥克諾特彗星是一顆由澳大利亞的天文學家羅伯特·麥克諾特在2006年
d62cd8a030fb4d5ac86e338361bd9f44,亞速海是一個陸間海：西面有克里
26154a720a624a6cafa11cec10ff4764,宋朝
817e2b56b4e693309cf2f79ae34573b9,腓
d146a957882a81a99ab2288dcf72e735,孫吳為了聯合蜀漢，派將領陸遜
6f6ffe96a69e92e3dd67ab7f1629b59b,《仇國論》
5ad13030635db71dbbaf2b5785b2e1f1,1950年
fda9e17a50399aaa4b4bca150dcb3aac,1980年
56ff9dfa1c9d0a3bf4b6c36940dfcf86,1815年
062eba05b8ba55522042d511c5b0a5b1,2000年
9798038503d371250561d8ad750128e4,俄國很大可能不會於1758年
01b3c1ca4a70aa7396effd6168708607,南，完成了江南運河
40db2809cbafc5d75a999363a78569c0,1912年1月1日，中華民國成立，廢除年號紀年，以民國作為國家紀
0d3265e67b8199b374a6e155ff47ccc6,民國政府決定大陳撤退後，國防部將撤退行動命
3a67a74e14d5c939ed21fff2c4d1b72c,美洲中南部，是北美最大的水系，流域面積約為300萬平方公里
e6afdcb0a43da9c3fc49455cfa206e7d,1996年
af097cc454fa3b21ae11698173009fa8,《古蘭經》，要求以《古蘭經》
d4ed10ae165c464a99effcedd54a504f,1999年
5cc271d96004f17051a4dd5da54f1565,188年
41e69c40d666c46cbe8604a60eca1a4b,弗吉尼亞與賓夕法尼亞的擴張，法國人於1750年
637474588f0b082087d5713c1b0b73c9,2015年
f6349b15e9f928ae0f579c93253dba92,4分鐘
a8d650f07a805adf41a588094539b758,1949年
12490c85af51824e52773b82576d16da,2009年
ccc9148349c1d24f735e0e8040c3b03c,2004年
bb40ba8d52f225d4bc19a359977ac746,大學
459338c0f133c6f2a9ea82ace25a191c,三國與外族
38842f4d8059c291d2e74b5d10e38a3c,1956年
f5b0f17dd1fd3365037093b910888233,俄國兩軍被普遍認為在鎮壓義和團中最為野蠻兇悍，而且軍紀
703e4d4aa523ad94e2fcd354de4ea6cf,1934年
0d2b44389f4e675eaac75682391a87ab,1950年
a0143d7476f0c6ba2cc1b9c945a54b15,臺灣的臺灣行政長官公署施政錯誤、官員違法斂財嚴重、軍警紀
c26efd6223e83cca0cd4259dff563f26,1922年
3b96d5391ac0d72fd5f699f237e741ca,1954年
913282d9f80f37aab3b24a9a326060d6,薩克
04e6d4bb2e56245b916133baf574cf55,1972年5月26日兩德簽訂了《過境協定》
46771dfcfc591d288f20fb748a6ead8d,《帝女花》
d7156e77790deb91567290e893abdafa,1999年
7aed5057d526f58030a6587912c586fb,劉表將領黃祖。曹操聞孫權勢力漸盛，劉表勢弱，於208年
687d5d5523671caee37e6d7c05358d5c,1931年
3b6a3a5d28a792ca73bfdadf302b6e66,2011年
385902b47d567f82b0cecf15aff762a3,穆罕默德逝世，此時的伊斯
7e7694b3fc705eec29a437e0a2e09480,《曇無德羯磨》
ef0d3541641144ad3aed3d1d753fafeb,2002年
c3982ec232c0565daabcb92499696220,1999年
9b5e0c5c77551752d238375b220eb6f3,《起來！》
b80b24cfca6568c54ace7568a516f01f,《二二八事件研究報告》
632d4120e033fdf40c5e12f92dc1be9d,《中國共產黨章程》
070d9d45a4937fa87ab966d841c064b7,第三，並藉此職業生涯第二次獲得了NBA年
eac82e755febfa0e76585e7c93686c0a,廣域市，簡稱仁
0523a22746a9dc634bbeff45ffb593b1,美洲中南部，是北美最大的水系，流域面積約為300萬平方公里
5b2d10c5f34cdcd3c681960263787a8e,1934年
1431ab4b2bbbb750e2c99038b3305181,2012年進行高標準畫質同播並進入當地有線網播出。2012年
919659f6afd39af8fd0768765121f7f9,兩千年
4b89d9ee2094ab7daeb923778eff867f,1992年9月30日正式竣工開始播出廣播電視信號，1994年
aadf4f3709b74b9468c91a252b590647,1934年
48bbc8b59f8900d9bbdd4f69505f3d8f,劉備率軍與龐統、黃忠、魏延等人入蜀，並不斷的收買人心。在212年
80120cf44a91ae27a44f6b34e9d1064c,李向南的名字一時家喻戶曉，美國紐約時報報導這段歷史時候
211b6b30ad78b7f338ea89db308ac8d9,1994年及之前發布的標準，以2位數字代表年份。由1995年
aa16d1e55f75680128f5440f1b7b6fd2,膠含量的變化還可能通過改變雲滴的尺
37cbd0632d9f9d1be84631662684e592,2005年
aa509647614b070a673a71a5b8ba7b0e,《中華人民共和國憲法》
4e65b480fe1b2efc822ffa2673993a10,《關於建國以來黨的若干歷史問題的決議》
489b307ac66bc5a695293bd8b0f3b874,1998年
5f85fbdf04c1c384225faeaa6c83b79f,1916年
0084b93f77a45e8d4b27cb7a9b6ec13c,2006年
6989cd2a84357aa4574c609283df9ddc,古代
bf5a357bde2552857d490c86b7b69143,2011年
bd517981b75906127362a1ab83fab4ed,15歲者需接受15年
b770db8771009b383947db45d63d3f59,俄羅斯、烏克蘭至今使用著聖西里爾發明的字母表——西里
08ee9a55a07ef9669a02298f3bad961b,1935年拍攝的故事影片《風雲兒女》
82e167da9d9f2a03ece037bc1c3adf9d,1985年
881c3fac6268614c8f32699cd98bcb8d,1996年
1ae4809093732330ebe7b460797675a4,俄的外交政策。但1907年
66284b6005e6900d3ead2d4f81e673ea,基督宗
a5efa8e187667d1972ddc9f8fe7e8341,小行星
8b4abb80027077f285ce672d61c9509a,曹操去世，嗣子曹丕繼魏王位後，同年
05513edc8eb28d37e7b85f2828951a3c,《中國廣播》
e82e4c439d24c639ea5627607869b06b,趙三多義
2050f97056d036310c8408278ab7b163,九一一事件
f929cd3252a4a0db820d0219d22d853e,1960年
58602094eb633d6a2877b7297750afc5,漢朝
078fce2bd48748e67914f33e1c525062,三國與外族
2016658513c4bf9d662df3e1cd42b5e3,阿拉伯人的兩輪圍攻中拯救出來，8世紀
7bad8137b0a3b91b0b648fa7d5ba405c,2009年
2ffc67897eebc186dfe7282d81b4363c,2013年
685db0d77ac33df0ad0303505201a9c8,2011年
7276566fcf1edc78b721e9646a357f35,《西線無戰事》
64a502910dc12a8bef439a2a23b03e01,1878年
65e29f9888500773568e3299e063a738,南運河自鎮江至杭州三百三十公里
286c68ff793c77304d23ddf97c3194a8,宋朝時，改設嘉定府。元朝時，改嘉定府路。明朝
d8cce7038214a8936e2e67e8e124d258,新聞言
8cdc5118fced85db7068cf885f969e32,2003年
6999ee6c38a3f52e73784a61cd31c3e3,2015年
3d948c4d1f4109a6a7918aef7cf69540,曹魏的疆域主要是在曹操時即大幅發展，至曹丕稱帝
8fa21298f1eb3e3d14e046aad9f1c0a5,1945年8月在莒南縣大店鎮成立山東省政府。解放戰爭
5851da2e9cf2b9f1c5824ebef230c1d0,1926年
6e11c0d8710b3c769b2a6ffc65b199de,17世紀
1b94ea77273f41fc3b661c641dffb8a7,2 敗予義
805b9a2cc64fc682da31cc1a89adcc41,2008年
532490eed814ee3b5c8c4e79febad256,1971年
832b09cf5f7e96be9bc52bf2f3305bff,祁孔有；小雅•節南山之什•小宛：中原有菽，庶民采之； 西漢司
1a8c16f4a0c1e0e9ba737ca8d7c9dc84,1950年，余紀
5c0f097d8e96bb3a0856c8d7cbce29bb,1790年
eafaad3fbb222e5eb176e74b74fe55b9,劉協為帝，即漢獻帝。190年
39c774f39b420d76f3300ccbae1ac2d8,女修院
a57ba3e406cb473a2e729672b1013bfe,劉備三顧草盧請諸葛亮加入，得出隆中對戰略方針。208年
712a4753c4ebc7547f143f613dcec1c0,馬炎稱帝
71dd6acf757012959950c28a2b834280,《往年記事》
453bfafbf9079979599e163a39b39ac9,《人民導報》
e3c4e5ebbfb43d69beed0ffa42e704d2,15世紀
6d4eced711a6e08043c02dee62737c79,1950年
09babf671f48a11e99f4878f12cd68d7,1996年
0a3b0d6b6211299ec6b2f8e778c73e5a,李鐵夫
262dbd4a9d60df5df93ce55790240007,《盧貝克和約》
4b21177adff5bb4921939f250977e7a0,《中華民國憲法》
0a4198e8337b04e10c3a52c5aed71abb,1980年
76c97bb8307e757ea63a1c34841af1e0,1949年
de0f0f6f9a841afb6be95a8c4f460d75,《柏拉圖式性愛》
2423f6a9860b9a95c5445658030b40e5,《植物種誌》
18b9c50a5900694c2d774944e024af4b,馬昭為了建立赫赫軍功，做好篡奪準備，於263年
ad49aefbdf7e65fc71a6a55d5cc94365,1949年
233dee05065c11a3818cf46bdbb8380b,1949年北約中的第五款，宣布如果恐怖襲擊事件
885ba9a6049c5665e3c5b7e5caea53cb,孟德斯鳩的想法，在美國憲法之內清楚地把行政、司
7eee1052dcc80693f09acccfc13b98a5,花團
7edaacd75ab38bca52c7dfb09110bc58,1969年
6f3a0e6a70d3fbb73e66cd5f0db6369f,《中國共產黨章程》
3fa139b7d9f07f9c3db24abf7ee3c53d,1953年
03098af6e29c583dc558fcd0a00a0900,劉備三顧草盧請諸葛亮加入，得出隆中對戰略方針。208年
73f918aa09adbf5409d8bc0d01d2dc42,曹魏，在227年至234年
cc83e73e458818209e663a5f85917b6d,英女皇代
98ec37f2755a9c71cfc169c10d352e9c,哈布斯堡
374a5a7b0f7da7fdfd770f7c2c2492f7,《香港文物》
cb7a114712b61cb9b04c2aab0e536247,1993年
d71cbc8da105bff2ac32f10e191d1021,俄軍在東線進展的關注與日俱增，並且決定前往迎擊。在1758年
ef7f255a2818e9461b12461a61ede0c7,2008年
339cc88a2c3331a1a975b6df560a8db1,隋朝
722aa6556617df6980454e3617823696,哈拉沙漠
b6b3a919928bd5fc27ac7e402da1e941,1955年
0681e701eae5cd87e60adee832eb2bd6,細亞，簡稱亞小煮脊，面積4457.9萬平方公里
ac260e77bfb2f99eeb53c176afae4107,農業狀況非常不同。在希爾德斯海姆低地以及哈茨山脈
d920ffcd317e125e897d550485ea29e0,《三國演義》
c36654a4833073d41ec6e9ea33ab85f2,《後漢書·邊讓傳》
1e9e619fb2429e9d09215e510e6fd596,《魏書》
2d66b1d6702fbe60d2d29e7f6c312193,《行政訴訟法》
77178a21d040a69fbd6061d75079eeb4,1998年中國政府簽署《公民及政治權利國際公約》
5dd868c3a6a2b6ab957c3ae87bb80d06,2009年改稱世界貿易中心一號大樓，2014年
c788dbc780e38feead9e35aaa7d4b6d8,1905年
54d88dcd2c8ed07bdfb075361c19e4df,2015年
d349b1a1cfa64a77ca830ebd92092c4b,荷屬印尼華僑國籍問題而依據血統主義
d6d9d94e3a1b3350dccbb4a2faba6408,三國鼎立局勢漸漸形成後，人民轉而因統治者或戰爭
ae8eab0f87a74d87272a9ae933a78197,劉備去世後發生叛亂
5d07b7569da41d44bf1e40caf3efc7ae,1802年
46d62526696eda18fc24f58a95428324,2004年
d07562c0fb22990daa83e775f16fd149,《蜀都賦》
4232268f8df35012edc54ff1ef0b80ed,1981年
ad896a3d3c09b8630d70b59fad970717,美國的電腦軟體公司
e6188b5ac11c38fdd03ce75ca9b020b9,1997年
802fad2d2695b7cf26ae24910e86924b,2010年，這一偉大工程被納入聯合國
4920165678677e769e5769284630f48a,第二條之定義
289557948e2021e2e11fb5ddb0a1ff46,1941年
dca952f981bc34f1c8c5f56a57f43e02,烏克
8d55ff04ba14a62445a26cb9ba5adb14,1960年
f18182712b326d687dae21a77a1cfee6,1932年
4b32658aa8d8a7487be061d3348adf04,180元，貧困寄宿生500元，當年
9392a7c218decfa7fcd0642631d0711e,2014年
e5f1b530a20a5f7fe3f584aa8dced483,2014年
97ce0ebd03dfda64ec1ab39a85f34427,2006年
6af40b7e18e5e0366a6a85854450c24e,美是一個政治地理學
f047bce38df85616cb522e42fcade006,豢、韋昭及陳壽。王沈的《魏書》
c5681e9031361a6e74f14513bc1f08d7,腓尼基、蘇美及巴比倫。它起源於地中海盆地及其附近文，希臘
365e282f12f7623b069b44c00f6c44b3,曹魏、蜀漢及孫吳三國。這三國大致繼承東漢的疆域及政區制
ec48fe8e4aebff5484126cc78dd069cb,舊有的河道通航能力很小，元朝
3ffe5bad710086009029afad320f7366,2002年5月底，舉行宣布清理工作正式結束的儀式。2003年
caaccfffd551cc782c8ec650eadca9ef,2010年上海世博會全球合作夥伴。1908年
b8bec62e246ef4a2f0748d2b4c4c13a4,宋朝
374bbb6d99b575a0359535b53bdf1e77,1900年
f5a083014238f43cf8704e6ecbbc66cd,2009年
2d53701c2cee31589a470d62b7a33f54,《布加勒斯特條約》
79c0a88f7fff43fbacd6264efae1fba0,《財富》
9cb3a30834de337422895f1adea16b04,2010年2月，《行政院組織法》
d58562ae505e34a89aadbe8e5bae0fd7,2004年
39f209996be361b9e5240b3346fb4479,2008年
ecaa23993a22818f34fa9788f44bdbad,1908年
955b9164cbaee2b002c95ea511ca64ac,2009年8月首先推出hd201及hd202兩條高畫質體育頻道，其後在次年
81f205e2c3956ba29103df198dca88ca,薩克森
74059b0d0e384537680ea37fd80a019e,烏克蘭的地理位置，它的文化主要受到了中歐和東歐的影響。多年
5c44516d5ca4008c7464b2a409b52f51,雲：積雲如同棉花團
71cf7b61a6d36a2ee01d14388894cc5d,1927年
92948227d2e1aa87f3ba6764e06e9796,《憲法增修條文》
e6f52c9ee7cc0a839fb5bfbb5e10350f,海運和現代
1e206bf978bb17046ef7c444bb1bc5ec,1645年
6b01e722c3dc561eb399ffca687ab359,1998年3月10日，第九屆全國人民代
1d50384bd1f7a65d0e8f0a9840fc4386,2004年
fbb3b01c40b20ff4d758f0f30c271465,廣泛接受的標準格式，當標籤圖檔格式最初出現的時候
4f8b9d98de93d813d6c1acd1644af569,2005年
c5c3ab45f30eb33b65d66cd76f44aa97,2008年
7847d757fbfb76c24bb848647fe4d197,卡斯爾公爵對於這一新的聯盟體系能夠阻止戰爭
59a26321e17d1be5cd57668977566ed0,文主義
4f0739788ed5b50d2154c07b66a4cf39,15世紀
8efb296cb31d3b3868c68f3c5114a3f1,五帝
5a9f7b401253ea752475886499a052e2,1994-95賽季之前做出了一個重大的交易，威利斯
5f9273a3e17c5f7e4b302752c4d63fb6,2001年
6e60691d1629ad9f7e1411c7e4144a79,東德反對派別一詞指代東德存續四十年
82b89c5b006f668c6ebcb9002061f8f2,英語
a269b9eca2fac140858a45093016acda,1945年
221c5b956c985b2dfae09991abb7b7c1,1927年
89ecdb2e85c885b6bec7dfca2121154b,166年
cd386d0ea0174f8c0bb4a781b328d30f,阿拉伯海，海岸線長1906公里
cc73148124fad0eea8f63c943d1d62c0,遼、金、西夏是中國北方民族所建立的國家，控制華北自10世紀
f6adee4aefba8af0f1cc7c06e1900a61,1948年5月解放。 1986年
d034686c3b5f1f30a32e282f1325aedb,317年
294b63943be14785b2422f19576ab6c0,1994-95賽季之前做出了一個重大的交易，威利斯
4367934ebfb1058cbf08af08bc7c741f,1950年，余紀
b91a49bd41ed2f2a2e58bbd9cb8ed9ef,紹也再率軍於倉亭再戰，又敗給曹軍，最後於隔年
12ff35a985d1f29f4ade27d837a7c95d,俄羅斯田徑選手無緣參加本次奧運，因為該國涉及2015年
3ed35ed2858cbcb11124f1b866dd7e26,三國軍事制
c42607c5d361bb01a8ef9bae89cc4a21,《關於各級黨委暫行組織機構的決定》
f3cd9e28c85858f0148107bd32423fe9,2009年
1c71f8c5aefb96e7210646b11344fb61,1912年夏季奧運會以來第二名運動員在比賽中身亡。1912年
222b6a9037782fb8577aedec98cb9354,俄羅斯的影響。儘管一個強大的基督教文化占優了多個世紀
f2c9948a1999b6360aa85c4e9eb3757c,2013年
89e565fe73929278746dda82db6a6e28,三疊紀
d7adb56b778ebf6e6110a739d1f682d5,1846年
5fe2367b865758dd9a35e70e7fbd4a6f,1985年，世界摔角聯盟在國家廣播公司
25aad1b965f93ae05a28bb01e54918de,周被山所圍，東臨鴨川，西有桂
344b16f9cc4860fa0efb95030b73aa8e,晉在文學
7bc28faac509ee54f1f0b7ee847a6854,農聯盟
88814e054df5749aab55bd9412faf1dd,私有軟體、封閉性軟體等，是指在使用、修改上有限制
911339c8d88a850ef6c44b71fba5e365,《中國共產黨章程》
914adb022136c88dc62f7c80b279909e,1950年
72de554b86b6855e25e854c04ad6835b,《印度對華戰爭》
b11beb0ebafa9840fc4672d8d5f4d5c9,1877年
ce590d24debe795a6530cee5ef95c39e,蘇格蘭，有一些蘇格蘭國教會的教堂，在宗
e8bc59d851b9ceb60ef6f53341f5c90d,2012年
22d5db045098f33ea07daeadc69c93fd,16世紀後半葉愈演愈烈，《奧格斯堡和約》
1b886f67e455866f9f57063b3dae3581,宋的疆域已經大大縮小，此時占據中原地區的金朝
819e5e8d3866a89b5ba14dc67eb32622,宋朝
4b55539b21bd7222d1505c73e9508b0e,1849年葡萄牙人趕走香山駐望廈村的縣丞，將澳門侵佔。鴉片戰爭
79e237c2b8c168f9ac93dbd229df797d,黃色到紅色的雲彩，氣象學上稱為霞。因為日出和日落的時候
c09fe9e5ddb4b7d90887ae0f8f6d9c02,艾卜·伯克爾、歐麥爾、奧斯曼及阿里
099c59efdb21b67689119813a45a9761,2011年
c09d848d5cedae4c54390230a1cec66f,1993年
e1d8993542af4db412eff147c64678ae,1975年
b0e02c56098028c74c06962a06c4ae87,1949年
c24e3d9982446a241ead1fb067aba2b0,《中華民國憲法增修條文》
a2291f484a5d442c45a1c0a0f3eb2bea,黃色到紅色的雲彩，氣象學上稱為霞。因為日出和日落的時候
4ae31e9ff40ee7bc1e457663df5b9fe3,雲是大氣層中由水或多種化學
3a80ace068d19f978d798a516ce17a22,1950年，余紀
b45e33cee8d3cea386ef273a0755a398,1990年
53e6eddacffdc8fa453fefde1c885d2c,佛教早在西漢末期
9038c5b37a6609d59025b0ae6fa7edcf,2011年
de4fc6c4cb25db3386750f84701b17ed,董卓討伐戰
0902fb5d72378a0dc9652050f34df0c4,俄羅斯等民族的文化習俗以及日本、俄國和朝
2c1228c00c01cde7ec5e1e9204486173,1950年
de6eac3a56344e60e97756890212c7f2,1761年
cec34f4c7a40f5c568d4dd175efff188,《植物種誌》
446097998e6d12ebfcb5447d99133bfb,2016年
074d36b928607beef3e405f0a87d7207,1802年
00c62d5e7d44f9a682a58e5413f4e1a2,2015年
52f946ed2aab8772fc145facad432b22,漢末年
25bb1fff1c18e404a8899173821e4d76,《義勇軍進行曲》
14e26fc7426c683ea809b28b5123c40d,七年戰爭
cc9194b44cd97efcfa8357f2b9a05359,1999年
115ffd63fff9e55830fe4b89a2ff4351,百年
9fdc618d11d7f0917bca3e7f94e89ba9,南岸的山
7104c9cc6a8df40e4f7e00e78e8636d9,1980年
5a7ad956ee7497001eb59136e57e5706,1946年
6d5c61be9f2830243ac4cc53ff471a55,2005年
2f3c8074d4bfc980689c02bc055f9df7,三疊紀
3f44f07b0dc227db21023dfd95a247ab,青藏高原邊緣，深居內陸，半年
e6918cf3af30f4b08662a1c74a4f90e4,1945年8月至1947年
7e76b91bcb303beee80361fad25ac967,新世為地質年代新近紀
3dbe6aee797ae36a6282e712288b7316,《人民日報》
a12ed90746890ba5680a8843951fa840,2008年
55ac9f58a6739cf72efb4dac6926e8a3,2010年10月17日時，IMDb歡慶了他們20週年的紀
f5711084af0f9205f241cab5a468cbcb,1984年
c718162de86dcc107f100b79980b65e9,2009年
98abbd0dc82fe5cd14c499cb54d41ab2,劉協是漢靈帝
bc5b00299f143af666841ec73e7ab094,2005年
44b0ce7fcf5aad47fa0d5ceca32ec440,2006年
c65d8785c467b9dca8d48d9ea9a9697e,2005年
ee8a68fac4a0e095602375dea324f67c,1997年
2d27acff2e735b3a614a041f0b98c559,1945年，昭和天皇頒布《關於朝鮮及臺灣住民政治參與之詔書》
18e91f35c7bfcd976d21993983cccf91,1990年
adc7376c06493ef965fdbf73de6e3892,《凱恩斯決議》
7dbc35fa35dea00e4951e37c316502df,銀行股份有限公司
088a7d92e1d97f275a74265a44203f32,俄羅斯。只有刻赤海峽與黑海相連。長349公里
09cac7121be2abc6f8ae4be76c8dd7ff,延伸標記式語
08b48706b0df66d51d74d64f8e59f1c7,1957年
658121f2f309684b8978bf852d0ec755,1990年
f32565b427de0ea7da7eff006a8584dd,2005年
cbe3a8fe14a4fa2568cdf39fbc792fe0,銜主教指受教宗
36d730498d97b85f834c83c01a71c9c4,每個中國共產黨
3cdeb13776915d11f98bb772ae24b334,1847年
7a952189c43ca3339ca9bebe8779489b,1是由國際標準化組織定義
e5f4ed77f11c7cb803ae85e2905fe35f,2002年
18115c0bcdf17c6adcb472f7eaca94c3,《中華人民共和國憲法》
be2090b8b8f4962fbb8bc8de3a59d0ce,2008年
9eb9e74e85e9b2aad05b77fd5c894074,2013年
46892f005485186ceb9e3e97fa29faea,1950年
cb292516f6dd16155ef081e954791c46,葉門是一個實行總統制的共和國。總統為國家元首，任期為7年
c7b4c566c5921476192d11c034313ac1,14萬公里
593d5a9727ea5a73b750644894f4e426,查詢語
304d729b87f9c23707ea959811f6ebca,劉徽又著作《九章算術注》
6ee2e5bf6006daaa2d80eb071bf9dc3a,腓特烈簽署《英普協定》
12a64c4af47af20c3b309ef5624f12f6,1950年
444ef28323240a06500326d16f6953f4,1960年
d6074f06c40c3a4cdbc985ea9300d538,1949年任務決議，其中指出：1949年及1950年
67914a100a5761ef83896c51d466aaa5,1980年
bfa54192f976438cbbed67e6371ae1fc,腓特烈隨後於1757年
c87e2413ebcc85173ff2731eda9d9102,《西線無戰事》
c689187b71fc4fb592fe7be89432627a,1950年
b5753a1e4cef4d5a0a4dcd37d82db939,劉備獲得益州
522609dbd824f5ebbc83483f3c1a355b,艾塔斯卡湖至明尼阿波利斯、聖保羅為上游，長約1010公里
84cd6bb437d9264ba5195b7a4628c689,1963年
e327e73601e6fa9904da8d7a4435260c,《義勇軍進行曲》
c5253531b42788ee03db60d2eb532ab0,16世紀
f2990dd74f3daa47089141470ff8bdea,1963年
d12f229c27dba8d2bad141812b6c508a,75歲就要自動申請退休，但教宗有權決定讓到達退休年
2af9f7c23022f6f7ddb2f0a83e5a262e,1948年
502974d78e8cfde9db9940280feceec4,《中國廣播》雜誌、《音樂之聲》
4a36f62408cc4e827e14211b329c9e9d,卡西尼－惠更斯
bfc74d11453d2010d8626a826564c4d7,晉，中國朝代，乃西晉司
b0ae5aa4bb16e54808048c00602f4119,1949年
e1f6289adf954565ead51f71747a6bcf,吳軍以舟師
f803e7b08b20545800f52feef1ececde,周被山所圍，東臨鴨川，西有桂
c4441243f05df234221216fd697fcf3c,2008年
8b970182508eb0e82c86a70e46950318,1990年
79a865dd82a21b32f726e1186261e81c,趙雲因出身於正定縣興建了常山公園等旅遊景點，每年
d192f241d61ca41baef7968ffaf8435c,阿道夫率領，與布蘭登堡和薩克森選帝侯聯合，在1631年
64c6fc2fb70f5428da6d3ba1564e7486,1975年
1f0147d230d806a69b5de52d53a85247,19世紀以來逐漸增加可能是氣候
8b555778e76fb740ca047d0c840bcd0d,哈里發所征服。到了中世紀
deb2a74392b58130efb40b39643db157,伊斯蘭國家、非洲、黑人。而下屆2020年
901140345f9d884ab7a5173d6e9391c1,《傷寒雜病論》
1a850b538e7e8227fd538d5d2814ec45,腓特烈在幾乎沒有受到任何抵抗的情況下占領德勒斯登。在1756年
28761c5f624dee8139cd68b62ba93d9e,廣域市，簡稱仁
9210c277655becae34e5021c89cedb0f,俄羅斯的影響。儘管一個強大的基督教文化占優了多個世紀
7f92296764e7306bcda5ebdd292c1011,白堊紀
7e1eff716e94be058c221090ee49bb0f,《老子》、《莊子》
64dff9f2dbe2adbaf8b6e6ef6c0fa024,荷兗日
3de77390015809b30cb8a0f93dd4fbe3,12年
c6e1c42b6e859cd30467d00053d4f70a,1993年
d4b2e4ff87b9cee7339ee88e63139e59,烏克蘭人的第三個重要的國家是哥薩克酋長國。自15世紀
80d9438d144b8e3c4655d0f09a234b1a,「總代
5c07e1901c1f7e73f1b8436891d17e73,《全國工業復興法》
de29badf21c1d02c09d45f9b33a7d4da,劉徽又著作《九章算術注》
06291e4a8d38ca3f9e6b36bc232d17be,2013年
0822a933581b7214831a97a07397ae25,1934年
d43fd4fe19787d4f6e98658d22067f68,1978年
b4df786c09fce313bff52e84e4a97460,牛、熊耳、外方、桐柏、大別等諸山環抱；中部和東部沃野千里
4c5c9ab3575ce7eda85fe7fea16b630e,1934年
c58aae01d5a761d5cc9d7315ef236280,1999年
56b189aeb1c5557d117f75dfa2363b73,2004年
687f263667586667ddb87fb18da68cb9,2009年
8adde6283d27d8802e65153975146b88,9個地級市
17df9c41f5f84f2a8bbe6284729a66a7,14日
602668c71955071cc847c992e2b64e3f,1978年
195548397dea66395eb92a431a01edf9,劉少奇、十大元帥的彭德懷
94fa5f2aba198ebd4f1767f2b865b96a,1917年烏克蘭人民共和國建立後才獲得廣泛接受。自17世紀
908e57ec3fbd8c429f2ff2ce37aa2d22,黃色到紅色的雲彩，氣象學上稱為霞。因為日出和日落的時候
b7b82853969f55a0d424651a1b1c30d6,中國武術是中國傳統文化的重要一環。民國初期
03a9575fdb75f9edcc938af1ce1e7348,香港十八區之一，位於香港島
53ae0f80a9f122a498d9042c85caa03a,1981年
7ec3b971b1ba5b987e269491553dcd79,2007年
9fe022f1fccf720652a38c659834550a,9公里
f87514641f1ab078f0cd69efffdc9da7,2007年
657797a68f126fe1bb8260c1b81a6c10,1978年
1bb37b9abcedbe8cae8a6b693ce91b13,蔣中正，原名瑞元
3dd53848026e1d9637fc7e7f47f14453,阿拉伯數目字和英式標點符號，因此只能用於顯示現代
9fbabf4627cad774095bf6b897cd6ed0,1917年
954a6b2a07b23a7db18ff0b75af939dd,仃洋上的一個島嶼，此時就有古越族人在此漁獵、生活。近十幾年
e236fa23d7e004b7d47e61ca062f3e52,2005年
d74ef60690f7591bb6eac022e89f60c8,2005年收購了美國電話電報公司
7588a22adb19f470db584700f4e7e00d,9公里
03d7e73f76bd8bcea848615fa687213f,真正忠於司
98e52a7ea946c1b878f176392dd59a86,1915年
d507a58949ec3032c123962fb6017089,2012年
4e6f309032a0c9f7c0a717fa6449601b,余紀
f6f442dce33e41846899bf14331b7a37,794年
a3c309def5be4e79e9eaa3775906b441,腓特烈簽署《英普協定》
ffdf4e49fa5d1e127e6deddb84174872,孫中山在三民主義之民族主義
0403ac57de1d1df45926a1186b27500a,《仇國論》
ea31c3290bf04a291b82dc76721c5c4a,8位元色重現真彩色的圖像。它實際上是一種壓縮文件
ddcab15b6943a97a5d120f99d7ddd2a1,荷屬印尼華僑國籍問題而依據血統主義
fc0815a7515d1f7126a1d9e855b1bd74,威。是對內立法、司
4c36447ae9ec0895a67fa49d89721d9c,黃河
e4c43a9616b614cbcdd1b11614f7cc9b,淮水南岸的山
862de46322bcf3b945c06b7b07d430d5,1949年
e1b30eb1fec806c9dcfd089bfd8041b2,1939年
bbd24edbf0e8004adc623545d7b3d1e7,紐卡斯爾公爵對於這一新的聯盟體系能夠阻止戰爭
6e1c686f8243836dd1387863c7be48c4,1945年
42549ab04e71eca18a68113f865b0fb8,1997年
09b3d58ed6bd10f94a23a6934f43c791,1980年
1985d9bb36d381bb47dcb2d93f727b9a,《三國演義》
845bf1c051dbd7784a43b4d25a5fa590,1949年《中國人民政治協商會議共同綱領》
0e4dd1f2aa6febc79a7685ccae20db61,1997年
ebc4b9aeb2edd05a4966f9de72a8a0c2,《中國廣播》雜誌、《音樂之聲》雜誌、《中國廣播報》
86cb014ceaab8e8dec9b65c33f5ee278,2009年
6f4f5fa663dc922b16eabc1e067dd097,黃河以南地區，但由於東晉內部出現糾紛，朝
4f4638386ca3a5a212719926023aea6b,宋朝
86d55ea31c3072619a318f8c04fd1c02,2009年
3f0ef343a127180224ac8f007e3b9c79,《行政院功能業務與組織調整暫行條例》
1d5a273c4da2f589f4d0f06199d18674,雲是大氣層中由水或多種化學
6a1ef58c7efed66c8df7fcad07f63faa,1958年
14090142ffb0a9403f921d60ea63babf,1975年
26770313e1c33548f2f6d6cf34d97783,2013年
64df1a2763c4aed3e83778e86b30f2c1,《世界氣象公約草案》
c8498fe79ed83573eb99f50393c168a3,腓特烈於1757年
b05bbe12ad79f6df45b6c87ca6e242c6,香氣，與大量的調味。按烹飪特點分又可分為：選料、刀工、火候
9f72a6d8e864904014d6beeff21c843d,《三國演義》
4274049c334e6730c80dea56f9a427f1,《世界氣象公約草案》
fb1502ed783855e2fc309d603eaa2d6b,1999年
7eaba58820181b2fce1dba9cff91ff48,2009年
236e271d4f60b7019377f2f940b93c03,牛、熊耳、外方、桐柏、大別等諸山環抱；中部和東部沃野千里
988560fe1dcad6244fb239fd768c778d,女修院
199030cac68df65e32b5409b838dcfbe,1982年
98eb701280dad39f6f2e67986e8ea096,1949年
886effa001965cedc319ce394fa765a0,1949年
42d6fbaea885bbe4cefcd9745c4bbe26,青藏高原邊緣，深居內陸，半年受夏季的印度洋季風影響，半年
fc9ec7849542608c1a6cbfd61fb031fa,《過境協定》
d22c6940ce38cfb07513e8be0b5557e8,1879年德國選擇與奧匈締結秘密的德奧同盟。此外義大利在爭
876db258b443f56612db7d1c078f04a0,烏克蘭族是東斯拉夫人的一個分支，烏克蘭的主體民族。有時候
771f46f94caeb0005b259f6920e5871e,1873年
18ee1b5d3b928a1595c438360eee45dc,十世紀
8a33f573f79cd3351bb896bc6ac61d20,1916年
676b2bc8488df8375af5a6263934906d,蘇冷戰
d096665e0d9d4264e4329ffd67f31431,1958年
c5a3f4b765fa8e13234cf963710373d7,安裝維基媒體要求用戶擁有管理權限能同時執行超
871ba99295c6652d1704b62c6e49637c,第一世紀
fefdb28b41fd0f900584d6502ecd9e7e,2012年
91a2bfe78833ddd065c4340efdee123f,美國著名職業摔角上市公司
657a5f20c26ec06912f3f334d90a8a32,1979年
ecc5a76d6193cfa5a62985976df0becc,120個旅。目前，解放軍陸軍正朝
ca88491a323725af1126420a691e56a0,《後漢書·邊讓傳》
8188a7d7c0a8ca2845af5e43ce66e04b,伊斯
ac7e27fb7616c946c1cb7d3fe12649b1,《文心雕龍》
eed279c7571299b5631b91f32ca3f8c2,2008年
9f68fecfd7eca00cf19bbb76315c219c,1991年
ae79ae44fc6973ac03c193b5662576d2,康提出『越名教
cca23866a414915c3906907f5c870d4b,第一行就是可延伸標記式語
a1a6db8c48a53557d25586425924e888,2012年
b82d955872a910b60e947281c811e9cf,阿拉伯人的兩輪圍攻中拯救出來，8世紀和9世紀
8305ad5609fe102d10ac7d869b86282a,春秋末年
07ff1d831403d1cb22fafcb58746b94b,美國資訊交換標準代
b3d6b79f52b851046e55224853f567aa,1949年
6d0934d73f06e14297c4b2b2ed073ec9,2011年
011b906d788f4134e5985432a59c50ef,馬克思列寧主義
5bd3098349590872aacf68547843a3b5,1928年
49cc439fdd0421eef542c0227d527a90,1881年，清廷授予鄭觀應上海機器織布局的機器工藝十年
0da22087369c7959b5329ace1cfcd6bc,1954年
506f251078603fdf9936f934bb79be15,2009年
5eb00e440d06fa933864116acffa7988,1912年
c6e487574716bde757997a45e331022f,1985年11月16日至1986年
bfd25c7ec6884a36f2ed5a61d075cca0,腓特烈在科林會戰中戰
0637f64e12af315dd8fb7a75067f5f47,春秋末年
bd14fb9cda05accd90a2ed0ce8c1306a,五帝
8fe73957b7cc80c55e887cd3f81c1e0f,1999年
f5611a80ae7124b588099f0a0a14f7d9,1842年，中國清朝與英國簽訂《南京條約》
884f11b3571241a531f06a74e4732340,2012年
5e7abbd2bc1fc35da9898b7bacb41161,1958年
9ad34fd4b4c0f3147bc86d06cadfed19,2008年
a968ebaee95f8a701675c849c52a57f7,第三，並藉此職業生涯第二次獲得了NBA年
dfc9aa55b7b021f3b64b7efa364df539,1980年
49152a557b76ef8b4d5fab4ad475c099,1997年
1a67c3dc5534065decb3c614afd97498,歐的溫和氣候
827cb2aaccf0dcc8e98ee9fca764b8b8,《世界氣象公約草案》
c78aa6cc917d4aa19046643e81b7217f,2006年
ff970d65361d8d0d27c58faaaa6b6c3c,1941年
ed77998ccae324079bec3ffaa3264d77,19平方公里。中山全境都在北回歸線以南，瀕臨南海，氣候
1d65a37428075f160a05ea0e988c83ca,1世紀
9312533e5a6bab62aee49f8288dab1f3,1997年
95654adfc884fe680be807a11c26ee09,宋朝
25602b3f0f4d51aaf36cc22c026728ba,1911年
c5b8e4960b012ba56adfb513b59f8d71,馬遜公司的一家子公司
46230a9ffb7d73009d7579c34b82c5cb,1962年
0645fa5ad6bc9df39f1dcc802f0a73da,1931年
588e267759a6dfe2face26224cbae3a4,1997年
a0c27d0a693ca1010506ae632d4ef4ac,《為愛而生》
36896acf5e5dcb49d5d1d0d8e20e0a7a,《中華民國憲法增修條文》
7f450e107e59d70c473bd97c86949bf1,《莊子》
66690fe0fc36e4f3929e20234517583a,2006年12月19日正式宣布參與競爭
e7f28aadc33dcd3606e372ca338a87f6,《國防報告書》
16b36ce9c3d2f1697d931de06c5039d1,武器與兵力的組織性力量。這個名詞與軍隊經常被認為是同義
4702e6eda36dfe7eb1681ac6f2e6e3d7,美國資訊交換標準代
2c82cfd818fd865b9da9308f114a5c3a,2008年河南省參加高考的學生100萬人中，僅僅4%
8e1886ff4b6ab8faff5e1c46192e59fa,《振興工藝給獎章程》
f9f702a11ccb87eaf1a25fdbc5fad2ad,1881年被設行省之間與中國是與朝
b8ba6241382b45b06b0cf902f9253e9e,黃河。長達三百餘里
100364e2f6d21612bd1294146e44b828,1950年
8cb89b025776f86500d42e0ae1aff902,農會，全國唯一的工會為「中華全國總工會」，受中國共產黨
2ca5ee1ba0246a4387f938a61b531bcd,瑞典軍隊由國王古斯塔夫
aaa055dd720e069344a0dec15e4d3a1b,乾旱多風的大陸性氣候
b89518e2959183cae017b8d6dbb6f111,1949年
6e86180ee6e765dc8301b0d15dd2c582,孫中山曾於中正區梅屋敷，今國父史蹟紀
daebb835dbe55844ee1f9702705c077f,史的城市，於794年
d39b92d1bc7f2a2375aa1c98efb18830,2002年
96959f848f5ab81c8196b201862927bf,《太平寰宇記》
b770975adc67407ad6079b443f0da102,2009年
9224795182d6ed00e87f8cfeca1704e9,2007年
9b95ea96edc2ce4d5f0c7b66e6aabb0e,1928年，琅琊道撤銷，各縣直隸於省。1936年
7a3e9a157d9ab3869a67a1f00530e75f,1912年
b7a34a9ab9ffef3b765e3f27d153f6b1,烏克
4e96cf0422dde90939586c943bb1404b,1993年
c46b8c28e38b26886b7b37272d8ee3b1,1980年
127714067d88c5ff620ff29b11754822,2002年
3d7e04b732bc6d24bf7a5fb8447a2944,三國鼎立局勢漸漸形成後，人民轉而因統治者或戰爭
a2cdcf7c4fcac7d674e2529328f475e5,2008年
fe935be6bd6c7a5825cbf8ab8cb9922f,《東方紅》
26b0e1722d16338fe8413f137b6d7cd3,1947年
2874094dfe6e3452c88d6c95374f904f,2006年
5f9c59205fdeb98aabef3c3e9493ed88,1954年
84fae0aba6b6bdd62348375d7b2deb6e,2002年
05cce511639202070a31509248e5c720,1980年
2069529db37824ecff35a3a2cd113ed1,黃圃鎮的食品加工業、火炬開發區
051350b495b31d7d16a0358dcc9a4332,瑪麗醫院
a72804b8c27dc090e7c691b1f6771726,劉璋、漢中張魯及涼州的馬騰、韓遂等人。支持袁紹的孫策於200年
a82e94ef4a5c30a34c51ff6274c53a87,《DALLOS》
f4c39ae2abcb39187bd7b3464c5b12a1,1937年
fc28ac559a50f9b17b0409288af25ef0,1997年
3ab22e8bb7871dcb23b40c4731de1f24,1928年5月前稱為中國工農革命軍。隨著1937年抗日戰爭
6e82aca2e8a9339fa1726a4b124d768a,劉禪時期，諸葛亮奏請冊封甘夫人為漢帝
4fc3b80b720a8889d11fc254687aadd7,1987年
11d5612382f882d508913be833a71f77,2002年
06928a11de5507e5ecf1ac06e0550b97,鄧小平理論
ed51f1677af62d1b1bccfa6ebf73f9c7,周被山
a9d658f07cff02dc4a96b69ec26e6df8,三百三十公里
2b789bfa25607d21b6c689529860bf72,1962年
7f7e1d0e839c460b6b04ced85ae794f5,臺北市市中心偏北。此區因孫中山曾於中正區梅屋敷，今國父史蹟紀
11377681df5373981d75dec7ae5adad4,1965年
e64eefb56e4dad98a5dd91d5d7b69c71,清朝末年的上海淞滬鐵路，經過一個多世紀
7d571183564549684411c91f395f83ee,《中華人民共和國憲法》
55198e7a64bdbbefcd11a348999c3daa,1913年
dd3ce463bf281d7142203fd360e705a2,腓特烈隨後於1757年
ea4b62fc2ba189af7a60efa65008aa67,美國人口調查局
c2d8ef6eea79cfeb1c32a3a25f051221,1949年
4b9a5b0376fbb40f23b6374cb802ac9d,1945年
f9ba4b914c86b8e1c9cd02e7dfe18f43,聖意的事，每天求天主的時候
780e4953bccb557e1ef15f789281d213,《中國共產黨章程》
206c92339b6f0bf93076eff29acfe33f,2002年10月24日，由非營利組織－維基媒體基金會維持運作。截至2017年
40f08b85876b60d7a9b3a6be971f24cb,第二次獲得了NBA年
5e457ad585ecba613996791e36126f4b,2016年
84795a270b05eeafc4a52c78ee735d29,2001年
c2f68fc4d918dda38417984f7cdc8bd0,劉裕取代
de68a643fe61f3fe0b77ff919d789122,《博物志》
8aaf097dd8f6199257610800023fdc00,1990年
fa1cda78525a61de84178975f72396c2,1912年駕崩，子嘉仁繼位，改元大正，是為大正時代。大正元年
5bab6ec659c0169ddfb435663735f289,1761年
e9db118176a422307a9a17e3feea4bd8,《DALLOS》
4372f706244b5ec39f31b0ecead646ab,2012年
e4a98013f860d29925fcc0b72653621e,1966年
4a6dbe1988610a7467e9969e63632fca,1945年
ccfbbd426b9c433c698f6e31795b6a4a,2009年8月首先推出hd201及hd202兩條高畫質體育頻道，其後在次年
ea51859216f952540cfa556da57ce53b,2006~2007兩年間虧損了2億6千萬英鎊，而在英國市占率由16%
7ef3bfdbbd59c8b00c90af3c90f92d52,俄軍擊敗卡爾·海因里
97fbb705bc7787528395ce3ca4cfe6a1,1945年
bc3dc7d97f85d8d40d480f188915bb1a,2009年
96476b22e6986e08fe0e8dd23313a998,2016年
b9a4db889e6116cc88137949769ce5a3,1837年
340ed8d7bdf20a9475335b54a1d7cc42,劉禪時期，諸葛亮奏請冊封甘夫
bbf767c9dcadf1a7e4228f5aaf25e06e,1881年被設行省之間與中國是與朝
2b3c96c298e7de1c0bf31e4fb2e0d399,隋朝
a0edd651465087502f55e98cd3987cf3,《三國演義》
9e486110bfb7199112777395468efa93,《為人民服務》
0dc34b61057f3a611faceafe8278f168,研究顯示了全球亮化
06999c13242dcec0b8c60367d6e73bcf,19世紀
c202b1a11897900cc70ee7242e0b69ee,伊斯蘭哈里發所征服。到了中世紀
ae3ffab3257613e8a37d85eb89644140,2007年
2e171bc6a99941873469132a5d093821,1949年
3ebcbf93d9d4ffd0007ac69641c699f4,2005年
c45ad0f09956f5c01ff05567489e29f3,《財富》
d4e7a4e2d2bcd6fc7f8ea64ee6444b56,1945年8月至1947年
4f6be10545782b3dc1b48666a1b30399,《關於各級黨委暫行組織機構的決定》
8cf54461a34f94d597fbfa7d24e9fa3c,2008年
eb4870ad1775e239bd3b5e333fc71a5c,1903年
a7937fe3c392b9bcbcea3f6bd47ee5c3,18世紀
a57ff785f6e2317a00597e160ea40c0d,《岐江新城·總部經濟區概念規劃》
5cb844a3b202f0cd6a62bf997d80fe71,16世紀
3caa1437479b15dc943d7147949679d5,美國首都華盛頓
81565b4e3c8d654cae2578e74a4b3128,2013年
dc76429b7294b4e6308078ff7f373363,1916年
5f367000ae98eb3e6f59f56bea78b5b4,美術，有著獨特的廷續性，明代
997f8c061c001175073157a710b8070b,中國人可以指歷史上出生或居住在中國疆域範圍內的人。中原王朝
0d77c2a72e09e3c9f91761f03c5bb23b,紅軍內部多次進行了殘酷的肅反鬥爭
f900389274f503954bc4722f807bed81,1949年
3c2acdfa94d4583bd88b1b0b8f9d5bb9,古代
c8365780c13de35acb39d4586d83832d,1999年
405d78e3441b82c88b26440e303c3436,1957年11月13日，《人民日報》
1d0514324625f925e7c56733eead2c94,1921年
2d42edc3690da52361eef05a1768d00e,夏是中國北方民族所建立的國家，控制華北自10世紀到13世紀
1b0441e339427bcad6cd3b4c9897bd2f,百年
bf97165e08f8bf3b20c9c4b9371c8a68,細亞，簡稱亞小煮脊，面積4457.9萬平方公里
899f8f9a89e1ff62c26c7affdd423f6a,《中華民國憲法》
bd13f087933e6e37619d994b552c9c3c,新世是地質時代中新近紀的最新的一個世，它從距今530萬年
c96b199ff18a3004e9ec397ce41fedaf,2008年
af80031d279a4efd1ec6bb1fc87ba681,2005年
194a667398cc0f5aeb0dfa623e5319a2,1980年
49578ce94283cf71aa962d0842611645,晉之際的學
438976c38b6321c9ffd6b93d4c352ced,1950年
9a26ff6f3e827af9bdbe9f58a1a8eaec,1985年
4b9c3a4b71da4fda520d785521c1dc99,烏克蘭族是東斯拉夫人的一個分支，烏克蘭的主體民族。有時候
c19c3d7c5ad3fcc7f980d8fc78934a06,慕容雋死時命
02956af18eaa40adc76bcb4eb13a198c,1970年
cb2c507fe54ba895590ac2b0a452c6e4,2009年
5a06aa814e07b49549dd65de734e2ad2,1984年
a0382b30f8f2e4bbe45d9bbcc4efa294,2010年
c82d06bc578aa442c5db84e203f0b5ec,《天津政俗沿革記》
ad491c130079338c03b65c1e8e3735a4,荷蘭語
df2ba2b055b6e2603929e32b1db87f23,《民報》
5cf64b227a16dcaaa1c70c3a792e97bd,劉備去世後發生叛亂
93c2161707c3e9cc84c1450f5dbeb013,曹魏將分軍隊
94279fa803956ae119f9f14da0b6c443,阿維拉，認為當地「降生女修院
3fa8fd142453093c09cad8cf109562de,2006年
11dd53f52b4f5765db5ee8e611c2099f,1912年1月1日，中華民國成立，廢除年號紀年
66a06b7936b7b42069df3bf523feb952,漢朝的時候
0867e9089f81ed6f54d2c3683e65853e,卡在實時反交織影片的時候
32b006728f82900cc59c587699f369c9,黃土高原西部、渭河
c048334c44a61a52cd77a848f392374f,《魏書》
a9d31a28245b12e5c3326097ae8ab599,2008-09學年
e43a4d0e0bd17d57c809f923a24a83bc,1954年
ac738803e2605d6fad5f827ab66a060f,1917年
efe495b098f4dce39d3e8e8d0038eb98,19世紀
70a9134e9959658b64c804dba1ff5483,2009年
e20aa2e04dab8a67882ff1ec5f829c7c,1997年
41274c5c9ce7361aa76df738dfa92dff,1997年
d2afad50fc03dc92b5ea493734b6bb69,1965年
4337219ae501d8506482f6b9aedac4c4,1841年
46ec573b8c8d9fd9ae8fd854d8f1fef0,烏克蘭族是東斯拉夫人的一個分支，烏克蘭的主體民族。有時候
253a0371af7cc7e24925bd5afa3c73e3,1969年聯合國大會批准將其改為政府間組織，1975年
16f6aa13e227962c8b4a57125f82300b,2011年
c576f3b49fd2225b6e7463c31211af45,農業狀況非常不同。在希爾德斯海姆低地以及哈茨山脈
6242f14d127f59b230814ae5221cdd24,《布加勒斯特條約》
2e7c38a79e99552af38c3adc2c280526,1947年中華民國政府頒訂之《全國各地標準時間推行辦法》
b06cf436cab1474dd6a99cc9ed2c72fa,烏海市
68b1b5b07fd44788dd3444360dda7a0a,西羌於三國時期
2d523b909ed5243ca88746f278a41767,《滿洲地名考》
eed8ce027bdcb1b6a5a003b315e51cc9,伊斯蘭哈里發所征服。到了中世紀
8969e686dd644abeaf55c6822bdeebca,《二二八事件研究報告》
50f3d77fd28a64d81ae3f7deccd569d4,2002年
bfd85b39b74472b29f175192a693600e,孫吳重臣陸凱
eab4c1d17668f7f1a965fc931f7f3d67,《太平寰宇記》
64e4e61b1629cf5c803f9dda4233e256,1916年
94b3db0433e689f8c3deb96c6e4f535f,《聯合國憲章》
d96d2f6d063d1e2a32b36cced90d7b2f,2008年
56e2def7462df21ec6d192a864a7a9c0,2012年
dacae5465e380a6a0ff98e39e994798f,高國家權力機關，擁有戰爭
b990c632f0b3b2fd29d42197bf26b370,馬其頓王朝
e894080f93f5691374e6e0347e12c907,1644年
24c642869583c8fadcfed8fb6e87d669,俄羅斯、烏克蘭至今使用著聖西里爾發明的字母表——西里
d96eeb7426901e12be6a50731aa59aae,1990年
c77be731006f5cb98ce213a7f49d24ee,英語
6a4f524723a9b35f1f1b5c4937ed1cb6,19個內設司
69c63ad9ba533e35898e8c2542c3ca47,1926年
ff3e476f128b1b95c67b65d2e882908a,粵語
0402401e1286c1583e354aff751f3dc9,德語
40a34bd7f9e258b937c76f84bc11c71d,1928年5月前稱為中國工農革命軍。隨著1937年抗日戰爭
fbf85bd2ca457ec2e0b86ac3cc83d430,2007年
84dcd5d2ed5dea5e7b94dd72fa3aed48,雲：積雲如同棉花團
3a7cc8b7d1130e1c9e6a5194f891d83f,1949年
4b040c168736f2eb2b19790cd1320193,1999年
6efa0beecab65dc936be685ba62c7f9b,《三國演義》
0af3bac229d67eee8888f28754e1c092,古代
4507295994f75e4a22971d68e6b3338f,24%
edb0f107717d53d20668bbcc6fec99d2,1841年5月《轅門報》
1360e0d6188cfff63e28172e132ba3f1,雲是大氣層中由水或多種化學
4b4611f8adbb5010d974347d30a1ca42,1974年
7a40909d866799f52ea504d2ce36dbad,荷蘭所稱「第二院
d2ddb722929cf283e71931323f9875ae,1949年8月28日，毛澤東在中南海懷仁
e5f6af6a4663bc72b7deaf8e843d22c6,1970年
da057524bb246c484fd5529b4536170e,劉備與孫權在赤壁之戰
48f5c71c8cf57dfc1fa22dbed04a616b,《總統副總統選舉罷免法》
10bfa832574fb7773a6db95b719e40cb,新世氣候
6c51887051aeda62376de150b094746b,《中國人民政治協商會議共同綱領》
3590df35ac66c15ed0b3eecc3d1efa72,1999年
eb9e3d36bd8ba931bdc6ba36787c2aff,哈拉沙漠與非洲大陸
c419c801f4b801bd60f73070e3fad2f9,佛教公元1世紀
c06057ce578ec536e2bf87e720c8976b,《西發里亞和約》
eda4662942711fcc9ba77807041ffc70,1993年初開始組建，1996年
6bbb4dbfac6489752f577be496a1627d,《三國食貨志》
c9c03177bf0b14424bc8b606a9ee5e66,薩克森邦的另一個經濟亮點是德意志展覽股份公司
0e81e0b56b630fe85fa7262968aa9eda,東德憲法規定部長會
cf65be7e269a1cd0052adb0759ca2a05,荷蘭所稱「第二院
27599b7fed13006a213833249d320b7b,20世紀
d5171919477832494e86b7b756dc80a6,愛為基本價值觀。個人興
9169c7c780cb7ac22ad028cd43c14a82,2003年
11d541ad0f7360238f99263bf7b137b6,廣播的電視格
5755061d6f4157490e52702527f4f976,威。是對內立法、司
3e6dfa9554c5b68a3a8ea84340fcc480,1999年
2540d5261875a23d88307c536e90538d,2016年
ae3df2a2d9bed58c741d7021d750781d,1841年5月《轅門報》
75442391942e6e45bd03e8c65255db85,2009年
640bf59ded76615b52089541c4a247d2,2004年
25b7fdf47cfc9701a9ed0f519d80cb84,《植物種誌》
59a566430e03be0e98d630f30b3996ab,曹操去世，嗣子曹丕繼魏王位後，同年
b7989520f18c8eca2610a1ee70491a82,1999年
405de304997b906d11d33f2e1cb38667,曹魏、蜀漢及孫吳。東漢末年
97595fc325663e7530863c1079e86eb3,1949年3月10日，人民幣在中原解放區正式發行；同年
ea04e989ee5440c24c3bb67ce83e16f8,1910年
4b276e87a489c42394131ee25fcb9bbf,1999年
812dd1011fe1cda1ef29825e9949d0d3,1643年
4972073e47e229ce09547c670448fdea,1883年仁
8114b951626f0b205886010d86ef2359,2009年-2011年
89d90324624ca0b8f176f30f57efac95,1970年
b46bfccb0390312077ba3015d1b38c83,1945年
32c5fc0c006fa12803c5167761aaf758,《西藏墨脫的誘惑》
73921c1a97d35b1141aeda0a443e3976,1992年
0e52d635889b4d7417cf8fccce47d1aa,《改九子山為九華山聯句並序》
196f4ef05fd6d51171acf7ecae9fc76a,《行政訴訟法》
8568fad285873ed9ec62fb7030796270,祁孔有；小雅•節南山之什•小宛：中原有菽，庶民采之； 西漢司
42615749e1477404716c01a416e332d7,小行星
90e56696c64180eddd22480f113381ac,徐州
c6e0d651f62684205c1ca3787ace0cfc,東是一個地理區
6c684541cf3228d4751db52b387c6000,1947年
da70bc8a4e90be53be5faff4b665f20d,1949年
30c483c6cdeae6bd64c27733e00ff992,《西線無戰事》
a3e20a9a491cf42f0e09efd18fd04b40,曹操鑑於東漢弊政，用人不重虛德，反對「阿黨
31fb3b189fb42f7c323a8e05e8073183,2005年
05a40e46ed284a3f2e3550a98b014611,瑞克，希爾德斯
24c87379e871ff98618dc1cc50b67b38,1949年
1c4d712dd30864fd9bda1707bd58ba73,1965年
d72404ba0d4b2487073627ac015315ad,憲法；依據性質；大致可以分為外交、軍事、行政、立法、司
430622d2faba3b97051791cd16c300e3,吳軍以舟師
562a8e27640913960baed0c3d4688503,伊斯
37396f4ab5dd4201415a9cdb4a464edc,1945年
a2b37ca7f93d255f7f895f23c2c51174,1911年
971f66dbf4608cacbdf48c8afb8e389e,專有軟體從字
b9c3bd5213f13c74bebee2ce56714161,晉，中國朝
bcc01e758bc3e7fae9b3c6452440f760,鴉片戰爭
135388fd7cad6b8a83b23d7f8b1063a9,2006年
d5b9bb1e937cb36620dc775ad5ab31e3,東南亞是亞洲的一個地區
47afaf5c83174e6777025a564d7da88a,英法聯軍之役後、太平天國之亂時，清朝
3ad8ee8ef9dc98c05bef9d9a1326ab14,劉協為帝，即漢獻帝。190年
75ee2e06e800ca37df861c8bbafc70b9,中國武術是中國傳統文化的重要一環。民國初期
13d2541bccc490ecde662c73702f0937,1950年
9631d285f79b16ff610d4eb93f3e85d5,荷屬印尼華僑國籍問題而依據血統主義
fbbc63fd8e779e5506db8592d489dbe3,2015年
3e68c0ed9bca13ecdd45358582e47419,2008年
a0ecdf501af6e129afb52d71d73958d1,杭大運河
9bf92c32e8067e2103de169b6dc873ad,腓特烈於1757年
c2da38d6ccf1ed4f950ed35dfaf80f3d,基督宗
69b4c570ccd34dd213a559240662b91e,普法戰爭
5f3375bac4117f20e293d895b0bb873e,俄國兩軍被普遍認為在鎮壓義和團中最為野蠻兇悍，而且軍紀
24d17739cbd7f490f38362ed95ae439c,50%到60%。750年後、14世紀
6ed2c0ca4c1e3e058857224988d41e76,廣播電臺；英語
9a53fb03ea6f726825f249b121889572,君，下至公卿、大夫
d35b556d0497639924976e5ae87e9eed,2012年
65acdb8a2e5bfc6a9e61317b95b1ec16,1947年
db9d28787332f5efed85238afbefd0b8,2012年
c64de70e88ffc47052dc87e6de79f35c,2004年
bd641c3b29bc59fa872f345bcc4339a7,2008年
e82c3bf9af5298560d01cecb20647a18,1980年
24ff17200b748a5436537a5e3accd7be,腓特烈的行動。1757年
d2660b31a630da4e8f34e97af998a13c,1949年
b4354a267ce0611b556933ab6e559116,1980年
b439ca58065092ce3687a823bd1f723d,南運河自鎮江至杭州三百三十公里
3d53b8d8933c363c9f0aa9521d5c3fb8,《中華人民共和國人民警察法》
3a2c4574fe1f474b3d274ed34abf9d88,《柏拉圖式性愛》
3ac8a3ec9b83157efd1646b22131db5d,1932年闊別奧運會十多年
2ac67fe8f63e763e9637216aab3ac5a1,1947年
f773f7d2a0f20ba9fd2ee400569270be,1994年Power Mac系列產品上市之後，廣義
f7f743fe6ce03b13137e66979179a414,1949年
9c6c6f24e3533fb314d4576594b2a107,三疊紀
4f1ea174fc935d231e6238b8fc500f69,2002年
e36ece0e49f8868470f30a644ceeab10,《義和團教門源流考》
54e8847fd3735afe2412ee5fb60fe90a,1997年
7f583d69b349e77a16624e8ee7b5e862,第一個時期，開始於2300萬年前到533萬年
c82c3b7befa807a10fe647c57b852bd0,2004年8月成立的中國國民黨
c440eac47c412f33c66a0e9ad75ff7e9,曹魏文學最盛，分為前期
f85d687f794b0015f46afc42b8c59b9e,2009年
6a312df3c5a76a3f113bc8fe6a37d045,《傷寒雜病論》
c268710e9c6b73ec08a63c08feba0a56,1949年
d93c2ea78105f17ee25b4f9f7089209a,2017年
c26cafabe65ab9d25768f7522cf3edd7,1996年
ddad1a9e55ad13ac64fd664c97b9c12d,中國共產黨
79ddadcb2c3b3ffcd8b5da2b9d89913c,7世紀
5c0fc3fcf51f0e29bdc8b21ab134f749,穆罕默德·阿里
e13e176e559de92331648b549b946760,《太平經》
9227607a11a9964dffeee347fe0468b9,2011年
0d33bec0306995f2171962549870f0b3,董卓討伐戰
78cee3c616538684bf18fd0e59ae1fc4,2001年
4b8396c56a02a0d9c250aa73e6031121,2012年
d10e3474ffabe741760cccb9a87b8c18,俄羅斯。只有刻赤海峽與黑海相連。長349公里、闊135公里
82b29af14f8cf2bff6b7e63a3ed6ae5b,《中國底層採訪錄》
d461d53350bd65d6bb62fff542852ac6,《香港基本法》
812f5c1a39b5f8cf022eaed89d334ea4,1928年5月前稱為中國工農革命軍。隨著1937年抗日戰爭
4562a9349d02c15e00c824da8a216f67,1953年
8bf1dab1e8aabe25a0efe7377eea519b,《紫釵記》、《蝶影紅梨記》
c82facfd52271bc925a9252f1d442081,《文心雕龍》
af5ddae091062de09220c8f10469aaab,阿拉伯語
fdc8807fae9001a0d033912479dbb5f6,17世紀
219050131084d62ab58303788820b4c7,俄的外交政策。但1907年
4cedabcf59c9c740a83c68817fdc24c0,《總統副總統選舉罷免法》
bb33649c27706f0841ab37bb13af60b3,1972年到1976年期間，學校招收了一些學制3年
13257d79781305846aefd2d7b4b40630,1979年
ed739b27e2de63aa96d0168ac7ddf4b5,美尼亞語有一個漫長的文學史，其現存最古老的文學作品是第五世紀
7a00cd0d5b78c96de413afc9a74d9e69,2015年
927757d6a9a652e68d30733789f64068,1956年
76ffd0b492e408af578696dadd7fcb82,2009年
eadeb841c1e6196503fa5f0097e987ba,《紐約先驅論壇報》發表了一個標題為《尼赫魯向中國宣戰》
a8cc5bbe8213895e3296e778e08f4282,2004年12月16日，第三世界科學院
6c6e8b688bbf3bb76a637555ab148753,私有軟體、封閉性軟體等，是指在使用、修改上有限制
1a7b78b7be62954026e1cd610e2ebf00,1999年1月發現的仁義師太肉身是世界上唯一的比丘尼肉身。在氣候
b33c1f5facce8df7c38174210be7b125,1993年
cefaf831fae85d8f8229cf0c7f73869d,1948年
e6998c0ccbfb359ace469e943f7b9f85,2007年
fe978afdbd8121323cd6d3f94571dfbb,烏克蘭人的第三個重要的國家是哥薩克酋長國。自15世紀
f15d1332504892f87792d412eccbc593,1900年
65fb98a05c88ad483e0a373ebf352073,《往年記事》
a44c319b8f787d2cdca641aae4a51dd8,《九十五條論綱》
8d041c800f4a76469d95146ea4ef3e12,《太平經》
fa330a4c83ed8faa8ec0996a01d9ccec,2001年
473b462d47e7729396988606f6105557,曹魏、蜀漢及孫吳。東漢末年戰爭
0ef9fac2a2448182326c920f4aee50d9,延伸標記式語
a50e331c2e2bcb8feb88a2fc7a36ea4a,史上的原因，目前世界各國的下議院
0de43ca53d6eb34b545463fd73edbaa0,農村義
ff0b9eaf1aca915247dd0ed33dfe9275,1982年，但在此後約20年
e14c4087d5c9a48aac94071d04d5ad88,清代
0e72d61a4c08edc5c144c3f70861d7ad,三國鼎立局勢漸漸形成後，人民轉而因統治者或戰爭
f3338570fe2f6ce434bf50bf2e3d9424,第2所舊制帝國大學－京都帝
ec80ab775e6d3a16cd27e78a1093827e,美是一個政治地理學
65c990c33075ed51e1a22a3cbebc1f2a,高國家權力機關，擁有戰爭
e9aba0da09e74b1adc70d8ca5967fa06,1933年
b3177540f29773fcd120fb9d0d8db33f,1949年
ca39a37fab1e30e1d0f75c8460123726,阿里
476175a2fbc2077011c512275a34ad95,1949年
3f411e15e3a5b939cf7b152a49a8d77a,2013年
1c7c3a1d236a5571ab9a081d2447b8c9,1971年
79e88da677588253ae5b7c5c42dbb4f0,白堊紀
bdb263ef65adcffa40bae17b29ee88ed,6到7世紀
4d793ef85f092ea44b1c7baab0a5ade4,黃河
fc95837aab0428c718352e4411090285,烏海市
8905f340916838322cdff7e0dc43e955,薩克森
f52400bd0d144aefbd02538a20e69f6a,1990年國際足總世界盃，於1990年
e92e5a50063d81b690190348f9b1ff34,羽球聯盟
167e62bd538d824ff14dcba091f1b76f,查資料
d38f7487c1ec890f679c358d36aea045,2004年
abd96ca7dabf33174fc0cf56a97da88f,1949年中共在北京建權，中國人民政治協商會議第一屆全體會議在懷仁
3825410c17b24a3732917bd03f7a7e52,阿拉里
6da85aadabfa94f5b1f502af8a2bdffe,1960年豐都縣人口死亡率分別為137.07‰和82.11‰，當年
5c3a5f7f88cda62ae1bc9a9869bfa02e,《往年記事》
34e4ecc2b044aa466323e0c3c05b9515,社會團
f11eaee1e36cd91d1f58817dca1436cc,1994年及之前發布的標準，以2位數字代表年
647bf094784076d47c64afea340112af,漢末年
699e56fb3e7e6bcb42d47ed13bb6f0e7,1931年國民政府制訂《中華民國訓政時期約法》
8c6e63988197527d7c76f31dca66f926,1515年
5f8badb05180e9751aafda2d629d1631,2009-10學年
6a74cfba87ead13b0a6d5d316d8aaa6f,1949年
fadc46959b862c6eaccb3c8d7e6b32bf,李嘉誠醫學院的教學醫院
e9cdad24c6766187d60eaef7608670d0,2014年
978e1381d0f4aea9ebaa930812d78462,1987年
f28c8b04d3b23f2754103b72072e3472,1960年
8da8e30654b68b2b223f9e778e5ad966,1989年
ce42609d663ec87c5358303d605d5975,三年
7d6876de5019c66a0f49695915b8313f,1950年
1c41bd04cb52c34c39f59d181544ddc5,1984年
9fdda683084fd662146f14974edfeed8,阿德里
9a0678f9ce8ddeb4e20a93e592ffadb2,南地區
489b3726393df2217f275cb6235df4e3,1950年
69e7446f15d087d34af7d53669390eb9,黃色到紅色的雲彩，氣象學上稱為霞。因為日出和日落的時候
79f9f0ad5e48915376f399d1e639f6f8,弗里
e3ab493a112a5a653fdafde55caf661d,曹魏主要戰爭
7e9e08d5da802d2b07b6dd39f08f49c8,民代表大會是最高國家權力機關，擁有戰爭
1afb1f4d588872238dc85ce22f098583,1945年
5cb1615210e2d1bc882d027d512406a8,《凡爾賽條約》
67c6463ca5a7c72dffc1e5a43639cd54,宋朝
15793583933a29ed97a2e639b868835c,1948年
43265741ff12546ae4f8eef355c05ef9,1927年
73ff163c4b14a98d1282bbd289946d85,2008學年
2b792aae82df41af5c29a1bd36077e93,1993年、1999年與2004年
62650cf6acfa95a3bb79d3fb06e009e4,2004年
7e34ba2d8074607c3920bfe4d9027a56,秦時代
36f2a03f62de1cca28ebea375a34b00c,1815年
b004af9c7f1ac0c360ea96722b409a40,1928年
9cccde96a44d93c28c9a70c94776a23f,隋朝
ce3c6133088118f71aa0c3b692787e4d,粵語
270ef679fb48d4d6be3d1b92bf7dae33,2012年
66a3804a2aafc05916d27abb24aea5ea,《中國共產黨章程》
f6782e588d1843cc2e8c217e3f137ba0,1928年
db98cf4ed0ecb496c3a7cfba121a4b8d,《道德經》
544889d046476e23aa9f83b94db29060,19個內設司
c9bd487f451e82fdb7b8ef3aef2e3d9d,穆罕默德逝世，此時的伊斯
186bdf08dfd6f1fea05fcca8f21d81ce,2013年
a9993542d57b9935a9c025f41279201f,1645年
0ede69032b4b5c22f73069630cea4703,"120,437顆小行星中，有98.5%"
67e6ab53671c16011ed510f6e689c13e,9公里
2018469ef21e129563cf5a7b89adc4af,《中國共產黨章程》
2e5169c9252a357de52f4c0e19f85dce,土耳其之間有外交上和對大屠殺事件承認問題上存在爭
9699300393275e48b91bc598a91129b8,1927年
ab4d2117c32e19ab5b84742b4b39ac17,50億人民幣一年
23d25a8eb7f0c855a7a87ee2e77b54b4,馬帝國是羅馬帝國於286年被戴克里
c4757b93610ace3358f78218a340e0e3,1971年
4e4ab7086df30f7141777ec6fbcb9079,1980年
fe6caeb1c5afbd9e6a23592f812b7852,中國
b99f7ecca8c9842a395cccb25770a823,1933年
41c27acfd9e57eaed6aaf7651937df6e,2008年
3f64d382670937436457998184cde0aa,西部海岸線
b5d2921a6b34d9149380d8c6bb4dcf28,雲是大氣層中由水或多種化學
8a4782778cf0e735eeb0b997b4ea815c,《中華民國憲法增修條文》
122ad9d2a6ca229d9577b7ba336d62a6,《中華人民共和國憲法》
c560d30707b9b43641b92c054e09a29c,1950年代
70895c19fc86fbd1f526a2c8992c0a23,1790年
32d49d1d3ff62bc5c319afd47c0e04d5,吳所處的江南，社會
2476cd5645304f369c4b9a0fb257367a,唐朝
91b784bd4b0eb9bd0f4cf7bb157bb837,《國防報告書》
9304d831b97ecdeaccb0f2e1e86e1188,二十世紀
868a02dde7a248ad5cd7fdf85ee49122,1927年
ec744df9df28b7995c857640fbf12fe7,趙三多義
7d3b71a13e3d7aadf46a5798124a9659,周以後中原王朝
89d9962a080906a951ba557def38dee2,瑞士的委員會制本質上是代
70d828325d476fb4ef24f96a1f5234c4,2016年
411a605d2d234bd48c7d0da2ef71e6e0,2016年
315c3a2f95fec910ef93fb85844929a7,《中華民國憲法》
2963400f2e068c6a4da5a35e0b7d5760,1950年代
af42cde5059fa2f3c6e238f4786998c4,14平方公里。據地質學家考證，遠在5000年
5a3bf8c729f6f4880620eb9fe82a92d4,1945年至1979年
f4486e95f9c454368e23a705bd851739,李嘉誠醫學院
eaef269754aab12f8f13829f57e0ba92,1994年
6a754e51beb70ebe32a058da726fff21,明朝
252676a84e91082f9881513981d4ed99,1945年，中華民國國民政府接收臺灣。依據《中華民國憲法》
792b7a4e868d3732c2b188c7ea6c9a2d,1985年11月16日至1986年
6b8c59fef38167a838dc05fd79c98ed5,2003年
796a45704726d58e7f59f8c0482eb93c,美國的電腦軟體公司
b134201b69db451faef6d18334bea8f3,俄羅斯和俄羅斯西部境內的「史前斯拉夫部落」，建立了留里克王朝
7ff1b6dfc7d57d577a18f205b831746e,《人民導報》
c0b5f25d8284abfba957e999b41a26da,杜預胡奮王戎軍、下游王渾司馬伷軍多路並進。280年
3a359b3d309ecc437874a7c1152919ea,1928年
29c364ef4ae2ae0fa63c563843a34532,魯運河即會通河
024ea824bef8b6a8c389c4c9f1f03705,2001年
af209c2c2c0afdac0e0b5848142c4812,1998年
8d91474c34514c47f81bd9a607b4c108,2015年
dac51e68af9e884cb65bce28569f9f68,2014年
53ff4d2fd9baad830122df581dd3caf2,1539年
c9ddb8cec57258adaab8c73ff157066c,1968年
9ded6e6c5294d578c3ad1fe1f19a5997,50億人民幣一年
ee0087fba655380a1403d4861a2021ce,50億人民幣一年
d7881d1c8097d5130a14daa7e0a3ff49,2003年
ed203f1ed6c994d92d9b340075f5af50,1945年
1ee7e3b3a6bd4e61e123598478c3d4a4,1911年
4cf96c24d33146a654c48601734682aa,1979年
a66aa098492c1f00955770d665ff5e97,《中華民國憲法》
25820b63cdfa13131227800624bdbbac,ble」是兩個為廣泛的電子廠商所使用的詞語
33f45a0ded06a67e2f2c2279e3ac03a4,2006年7月13日，「國際在線」推出了漢語、英語、日語和朝
73881ce87489b6e6a90b6d829b8c72ad,《印度對華戰爭》
ea36266d8538adbbdf8d66be593bb378,1945年
3cf58c960be445fd07296f31eb5d4299,2012年
0ea7ec62384caca7562044d01d4c9678,漢在漢和帝
da5214d3871f9a5f3673ed22d978bbab,1974年
ee77eb4460356bb122ff23f6490cf6e1,近代
4f84ba42417b4ae7875b9069682097a7,1978年
b326dbc085d58fd021da31d9c850e7f5,1947年
f181337bdd08afa0dce74d6facb5e5ef,2004年與時任總統陳水扁的一次對話，他鼓勵民進黨
ee44fb9c5c7876e464a7496ebd3a5a10,1300年前後的幾十年裡，中世紀
168365ac4bc0f9f503992324cca2899f,2017年
a85e63dbfbdea31bc3ca80f87431fcaf,2009年
a5674c56a3155eeb5b7b48295a95a145,1984年
8bc98fa9dcf2bedcc81a2e1ee9f72e4d,1763年
8c95966e4b0268fdc9f813e9d9a4bc70,阿拉伯人的兩輪圍攻中拯救出來，8世紀
54bbc1b73a44855620cdb6b8462e9f26,1863年
442cd7c9abfd7de1ecf8adde040c00ea,19平方公里。中山全境都在北回歸線以南，瀕臨南海，氣候
da15bbd31b33ce4f0acc9f74d9579fb1,1807年
f9d9449347bfabdb4b9cc34bf7c00b61,1900年
5d313401bed61ab7b542e8eefe691084,1915年
79341d706b3de55d68be0b4053469eb8,2002年
9f61c9d8e8f32832d0f30d799e53965d,1995年
939b9187fe2405123c23a8d9e136d8f5,2009年
b608416fb302e053fd70fbdd44d2b75f,《西藏墨脫的誘惑》
14a943351c118bd9ca25822b8320e097,新世為地質年代新近紀
3bf69a4fae3219fa50c40a80a870186b,2010年
132715f4d4328f7485439c2c8f8f6cdf,宋朝
b5a1de3397bdc45ec382ffdb7d0ec50e,惠河是大運河
690dd2e27f6a99a0ae119d3db90632a4,2006年中山港貨櫃的年
25f596cd59d5c57e4f6bbc1e11868864,1950年
e20a7e9f90b19f9a5193b38be8143b86,劉璋、漢中張魯及涼州的馬騰、韓遂等人。支持袁紹的孫策於200年
8d22f7332a052b27232c3db36a344772,阿拉伯海，海岸線長1906公里
088f4ea34a040ffbc43c9fcc65666e62,1962年
0f337e5a39cba8c3f609c523c5e429d9,《往年記事》
225770e76ade5e35d04a7b2855e0831c,晉，中國朝
e9e824c817d070214618d8d097ed0f44,馬昭為了建立赫赫軍功，做好篡奪準備，於263年
e29a2d90253745515604069634edafd4,艾卜·伯克爾、歐麥爾、奧斯曼及阿里
4899cd87daa92fdb596aea1ceb55c313,1949年
911b6388db2ab872bce8029565eb5110,1970年
38ac63f0b4e993be17e9317bfa186522,1979年
e3f3e8acf9dc300368852d967f161afe,細亞，簡稱亞小煮脊，面積4457.9萬平方公里
018648e29ff9cfd526288789094cad9e,瑞士的委員會制本質上是代
f818a0f2f6e43951a6c17dca377f2684,1980年
ddb1fe6221d7061f6389bfe29d268d7b,1985年
10dedaf218c9436c894402d6c4fbb481,三疊紀
c987b3409879a47fa009112f0047d919,2008年
d14e75e081b6732636c29b6ae744d18a,西羌於三國時期
b300a1b54e982a78cf7d16d1f9d293a2,腓特烈在科林會戰
f8eb2fa67d9c8d3e39011d6b54fc632b,蘇格蘭，有一些蘇格蘭國教會的教堂，在宗
d16e7c5431623126a8775026e7958989,2008年的研究，認為自然燃燒的最低氧氣濃度是15%。發生於二疊紀
db88052e73eec0723826020d4567978c,《行政訴訟法》
dfe86a3f6adc27ca8948d16076304496,《政府工作報告》
32c918043f8ad4838b9fe75db6c47dfe,荷蘭所稱「第二院
52630462bd6b7b09597833a6bcf30b2a,郭守敬，經過全國
5a97362116ea0cc2cf40a425f2affb3e,1958年
dc9000e1d61efe037f7709119456264e,2004年
e8770540bade6d35f8c4edc401898e9e,《中國共產黨章程》
201539a867ba5711718311ece94479f4,每個可延伸標記式語
ab1fd5ef1b8e2ac5ba115e6889c19dfb,1917年
43a13ce3954026c8f2e275cb5463f368,2006年
de0ceff95534b5f7bb74addc587d097b,荷邦。不萊梅-歐登堡
7352b590493abc8ce708814cfae70580,烏克蘭主要居住著異教部落，但拜占庭儀式基督教在第一個千年
0a667d43f6f1f013e281add09fcc4599,《凡爾賽條約》
18bbea07d011072bf197b9e33805ab15,1945年美軍於仁
7022ac707c7a3641294d74bd67e64adb,白堊紀
472d4a5734740635ef1d99c13203e7d5,1997年
77d86c7b8c703204b3357a10e1481004,2002年
6376835b551c48de84b3d3ead8cf849d,俄軍乘德軍在開戰
0a0bd412b84a673a72bec31afae3192a,1939年
e7b6440d857b129eddb8f8f82966531a,1979年
1afcdda56acdc3b7cf388d7beb598168,荷蘭叛亂的背景對於認識導致三十年戰爭
5207704d4b071a3825c4eae34239d465,1954年
032a53e58bf17fdec2bdddfbd6b732e8,《為愛而生》
1171720362f83528c4445d59054f6ca8,劉備率軍與龐統、黃忠、魏延等人入蜀，並不斷的收買人心。在212年
37006c9e5a502bd183bc205648f43cdb,《中國底層採訪錄》
109080e608a39e67d2eb54a0505b3983,《尼布楚條約》
16aac2fd7c8a1c584a75b63d1142d53b,弗里德里希席勒的人文主義往往被稱為歷史主義
746985b29ec0af8166ab66a1603eaab1,《好政府與壞政府的諷喻》
12b6ddf2bf52b04b62c0818c9c4feb14,1947年中華民國政府頒訂之《全國各地標準時間推行辦法》
39a50eeb88dc0601d4c1529f22d66698,農聯盟
62c58f281887379bb9ac9de0bd817517,1900年
1f35fec4d974d4a79e78d7ff15587fcd,八世紀
53e16c2d352119430e47c95c15498a31,2016年
ac8f578d9cc0ccb194e90d23afb2daf9,2000年
8c29fa928d1852488bdf4c2ca9e4b768,魯運河即會通河
0d10d6f12502df000b2393569e7b9ce8,2009年
d64f4028771fc6fae7914a997bf2b343,《克洛斯特－采文協定》
b028e1451d875fdb0b10e824077b2a0e,50%到60%。750年後、14世紀
da110230e6ed41f536d78779498646e9,《銀行家》
606256ff910f5f2d5073913e0b8752eb,《艾克斯·拉·沙佩勒條約》
82b3d8f045e2a3ce3739109234209808,6到7世紀
7c861acfa59e8d8212c274b259b7f427,美國的電腦軟體公司
2f1b22dbe038caa8ce62f8671f708786,2017年5月2日，全國人大常委會公布《2017年立法工作計劃》
418938ed159760c9407ee788640e03b6,《古蘭經》
50852e82e93b7fe3cfc3b5da8226462b,五個主要部分以固定順序出現，所有部分均由一個或多個區
b1cb207600fc3fbef99c0f8cf540e46b,劉璋的部下，如吳懿、許靖、李嚴等。政律方面，《蜀科》
1f69b6b04c17bf88e9ed712d370ffe23,2002年
6588c2e2364b7ed362df78d1907d123f,1970年
c44f8a1692be1be814790c8c3292f2c8,2002年
df7cf2b214900f487050042fcc97c007,《義勇軍進行曲》
f7aacf3f8e22d4b6547f9aac1fd7b357,英式標點符號，因此只能用於顯示現代美國英語
35d59d605f48019baf747358770b96e3,羽球聯盟
d3ad63f1f04070ed43b23e750761f31d,2002年
884579d02111fad8d137a2eb3060e16b,1997年
24c38a3bfecd38fb727b63da5f5b2081,新世是地質時代中新近紀
9575e97ec41df25bcddbf020864aad7a,第一行就是可延伸標記式語
4aa81f603fd796885ede25e256e1937f,《中華人民共和國憲法》
c4741ce635359dc4ffb0f3a49b94d299,188年
74e636a724fd27d82072a2820128276b,舊石器時代
5f9578b648bb0e2a1b5edba4546e71c7,花團
a8b6503f0cf21024c3dfebf6c11f86b6,1842年
906efbc4f363d7c94e408923ee6ac8ae,19世紀
6fc965db45c539c625296e3dcd8f875a,2011年
063676bd7f0aa27e2ea820668d6a6f3b,1980年
fb702c0ec78a0c0de2fce5a66c6f71ce,穆罕默德逝世，此時的伊斯
ea999e698a47bf26322808b93ef32f8d,1983年
da6270a22f3a5b81f4db3ae905e91de4,2015年
d6b1016463c5d177fc957154a240a6ef,2017年7月的第41屆世界遺產年
021ac4729f2c9362341ce425e0089018,俄羅斯田徑選手無緣參加本次奧運，因為該國涉及2015年
bcdc3ce28f52ec1835e872b86b12882c,貝拉米
a21628a82632221f5b00f98f363d2888,阿」，這一縮寫形式在東德媒體頻繁使用，特別是在1968年
8d865a2a24439849ab2761861e1910af,二氧化
cd08c80b71386d574717166b634025bc,1946年
3a4514cecadc1a0ddbf5e9191758adbd,2011年
2b4b23a67c50ace6a2568748e88e1677,黃河
1395f56f08cc27bb3db51bfd36ed4a4e,薩克森邦的農業狀況非常不同。在希爾德斯海姆低地以及哈茨山脈
64f6e35972e017e28cb6137007f159cd,1963年
47d02044b26801e6538277594091ddcc,1782年，小欖舉行了首次的菊花會。現在每隔60年
eb3989799cfc4396b55f4b330823ed6c,1999年
da66cf1e77e36e95f9e417c5bd4895c1,2009年
26a4b319225c801ed42a80bb72e02ef4,1802年
877c0b65c3d0c4f152e9f702ec897cad,1954年
767ea8d792bb0f4bc6220d8848a785d4,1947年
b9cdcfa3466753d80cf3f60e6a0411b5,1912年至1913年
457a0f644622c10ba48b0d42f195f717,李嘉誠醫學院的教學醫院
c3f747f5be764a7c265326e3e42ffff1,2012年全年的票房亦為2004年
19c4a73927047fa3f1d593c865d64a49,1927年
bb1c727d86b7eb2bc293cee0f3b2a202,馬昭為了建立赫赫軍功，做好篡奪準備，於263年
652daa3b0bddab3d617157ee121601e1,317年
b838ceac55501afe81a3d4d5e14c7a7a,16世紀
ddaccd979fdaa15bd55df6b28fff83ea,16世紀
cb13cd7765b87dfd6c8b096209791094,1952年
5c21472af2b6b1584af3ddf5b307902b,1949年《中國人民政治協商會議共同綱領》
b6dcc9cafe855d024540b93a554af88d,1世紀
a9b7a4e56fcfa0870cb9e1a8bc5719de,2008年度的技術與研發艾美獎中的同軸電纜艾美獎。2011年
e5cef74ae863aac372528a77eb0c46ac,《婚姻法》
0b769d1a3b34a66fdb1a685ed15dbbfe,《中國共產黨章程》
f8beb695303d6dec28140631c9359086,2004年
f3c7f239aca6308f5c512a1ddd90eeee,2009年
c8d23fe01c77b54aa7985cf7cc130798,《仇國論》
257a696cf90e84b67ebae7f14eecff99,1913年至1924年元首為中華民國大總統，1924年
fd48f5c06f03de48e464ff7be4ffb7a7,2008年
41a7e30609ada893041aeb7e23f4e1d9,1949年
d6777830144e2ba6fc3cf4ce9f64ea9b,1964年
03c2150b46e8aaa7c0cd23f9002ae59b,2015年
03b54770ce081d2c8a2c34b29f72eab8,1934年
dd212d876aa4b2c06f9295678104ddfb,《中蘇友好同盟條約》
1c4b72581e2dd2c7fa1aed10f9655442,俄羅斯在1917年
0e22309d86da7cddc0c2f4da613fb862,1994年
c886e31f799e95a45f2550c662385257,美洲的有袋類動物幾乎滅絕。巴拿馬地峽的形成對地球的氣候
f29242480132119e0ed73f2260d26230,1947年
cbae6650dd81b91842a92b969a214e87,《中華民國憲法》
4be823545e72a88d3b49bbdfe809a141,阿拉伯語
c530a8805f83fe0b05718ae6c22db505,1999年
5c0bb75bd0aec939aa7f26a58148542b,1905年
5240933aa604cd58973e8110bc9cf8a7,1999年
a1cfcd1ed6a9a1af8e982c3d3c6f95f7,1970屆畢業生，組織他們回校學習，培訓後作為補充師資。1972年到1976年
ba2e138bf412d0ade47d998a2df87ed7,趙三多義
4694f7832c19440101eb755ad885c72f,紅軍內部多次進行了殘酷的肅反鬥爭
282e2beef94d4b696553fdc4f57bc5a2,《中國共產黨章程》
552c19adbefca63110d484e1bb4e886f,威脅。通常許多組織
bf63cbb5776e3ef5c35665c5be06b0a1,三大蠻族
3b28051f91e7fd3e0b37a907f9380afe,石器時代
0a55e2bef2fa395712cc0e5d18bfe80f,1979年
0a566b86a2af72117a0057b9bca41ea8,威脅。通常許多組織
1a47924a5c6a6dba1a81f2256054654a,《天發神讖碑》
3d17807174a8650958a10b79085f946d,四分之三。明、清兩代
cf80d59a13f3fabecbd4211a84b66d26,2005年8月推出精選輯《知足just my pride最真傑作選》
1411441fdbfb24a05b5f82e30af6fb51,1995年
86b0343ec33d4bb3c7be8a7bbf9215ee,1957年11月13日，《人民日報》
5bf57cfc05a0d3f1f9628f53a9cfaddd,《人民導報》
67e778aa2a35af63b89938c21c012db3,2006年
3e2b7ebc488611bd4550618c2ea8d4f9,巴伐利亞發動機製造廠股份有限公司
2e189fa587baa94385a69a6d5b2405cf,2008年
1e975b44b63ce5ab094ca7cefcb2814a,《2017年立法工作計劃》，《國歌法》
05a17f33c64dd4be9d151a72a0c263f3,1949年
2c95e83b174817bd66f53b70d73299a9,1941年
9ccaed1e112d8cd324aeafe2a1fd628e,豐都縣是中國重慶市
4d1b514e82f456658843a62c2e2a8529,1997年
b94f77ed5e8a7d08578a931d2e1b300d,1966年
24156cd9065128421201c980a865d6b7,曹魏的疆域主要是在曹操時即大幅發展，至曹丕稱帝
f309da5ded9dff325c8693f39d25452e,乾旱多風的大陸性氣候
ead50159df93ffc71c1b65e8699879f5,1960年8月25日至9月11日在義
b2d7b8b13e0e01fd1c40da33579139d5,阿富汗和伊拉克，美國戰爭
a71fb278835d3387b2f9d6f393daa448,俄羅斯
82da2b869dadfe7b0f810a0c6772842c,漢司
197d5d8496ef2fcef33936632d8c70d5,13人獲得諾貝爾獎。現校友涵蓋若干菲爾茲獎、沃爾夫
6a83667d0f3ae8c2d2b3416e60e00817,17世紀
f69f68b461605b13fa3c6b793baf908d,烏布利希在1971年
ae0696f16dc5c5d585da8a885c3c7c0b,蘇畔度，佛教4世紀
6f593da8565bba62637b0f4f67403a49,隋朝
c6c0680682005caee957cb3ade2212a1,2006年
1a705ba48a84b34211ef2a67e794e19b,2011年
6162ff7252c825dd42f6d6c80704f2d5,《尼布楚條約》
8dd4b73c4e7827df856bad708c4f726a,漢制
3b0d33ad5459068dac419e7e35838c2e,美尼亞語有一個漫長的文學史，其現存最古老的文學作品是第五世紀
7e9a592293817981d19e5575e5668d1b,20世紀
ca5de967541ca3aabf6d4f364cbfdd70,1945年8月15日，日本昭和天皇錄音宣讀《終戰詔書》
3873f527f3b2f1b7a0f6e44bebf0f671,《中華人民共和國憲法》
db8c0b7788e78fdd31c8684cf5421eac,荷屬印尼華僑國籍問題而依據血統主義
146ed3c851ae778adfd460e97a4c757b,2008年，致公黨共有黨
9f1ebd1a958d86d3d2d9e53a8eaf48a0,2013年
f5906f1fa870a20df9887e21a83445eb,2005年
a88652767ad3187446944157a8ad6d80,1911年
76808d5c74a34f5b826d0441a6df662f,《香港文物》
24fcc9cf376a36f4a74350b48a262071,1960年
682d9d7b946f7fe9ea77c69f7ac9da08,彭、剛果共和國
a986becefb751c32e2dabe8057de5795,三大蠻族
e62fdba091606def2c4544dd3d5981d2,1515年
8579f9df1583a5d8aa5c96fb25e17e22,紅軍內部多次進行了殘酷的肅反鬥爭
94e5202973fae3834c7a0371e0e0311e,2006年中山港貨櫃的年
51b4a6a9515e2b3c2ebc27a17f5e29be,1645年
2d373e17bea0ca04cf46e2b2ab64128b,2007年
134c0c1f94030e6a59dd39c80f85cffa,1900年清朝末期，清朝甲午戰爭
146e565627feaecede573f97e09e928c,1966年
169f6d67040adf76fcfe3577880e4836,《中國共產黨章程》
e3686d857373edd5539810c8659245ba,2005年8月推出精選輯《知足just my pride最真傑作選》
65971290c4e8e3637de546ae539004ad,1950年
22513604c4402888ff3bc166a04e807e,廣泛接受的標準格式，當標籤圖檔格式最初出現的時候
976fd1627c3fb02a0ccb48bfa29f798b,五世紀
ae5c125071d7cf15c755ab7f13869150,2009年
15ee66f1bb84d1306e3060d4105dfe1a,《人民日報》
7a16874c8ebe31cc78e99fd37c3279b9,劉備所建，他直到赤壁之戰
e179d39ec274ba7e641a83ac9742d219,2002年
9fb4139f0d1c7e9a8192bda267c6941e,劉璋的部下，如吳懿、許靖、李嚴等。政律方面，《蜀科》
e14718df2a3872eac39038770f069ab1,淮水南岸的山
b009cb3b85ca76c666e078a8732fc168,哈布斯堡
778a8e89a576e927c32e39c86737c2d9,1972年
1d9e6ab5e0d1fd19556fb0eec45737f5,《香港基本法》
652b3d38c63659bc81612736978a470c,漢制
50760f77f53c9e571d0a3c3719ee2732,1992年
5e6e0daf450ff81ef314af826535dd65,劉表將領黃祖。曹操聞孫權勢力漸盛，劉表勢弱，於208年
9b737e92539808b43c12cde9c40f2317,1994-95賽季之前做出了一個重大的交易，威利斯
20d36185152c9f2f66988018ff592ddb,卡西尼－惠更斯
a439909cbf22344124c0e941328b264a,五個主要部分以固定順序出現，所有部分均由一個或多個區
a812e5fdffcdcfe987b70641357e9da7,東南亞是亞洲的一個地區
5969ec967a92d22b56187d783b41cdaa,劉備獲得益州
568128dfbd22249f923b61cfdf82b3c6,1945年
8364382641f1ca15f793f37400226223,馬克思列寧主義和新教、天主教思想學派中也有聲稱是人文主義
73fd01ed69ee56d2bb5200cc2bbabbae,1791年
ebfa4dcb5007f70261964e661f33037d,1980年
3fdd9c983b3e593b55737073f3bbeda0,《銀河英雄傳說》
f266b5ef4011c440fcb8de95a08f3e6a,2009年
b3e0cbb63107aabc0064fe8b743e4beb,2003年
49b74a21aa8f30c03f3220bd5940664d,馬通用公眾授權條款的最新版本釋出的自由軟體。它的文件
d14b80b0da9346886fc09a6a223bd5bb,2015年
d1fbe1b827ae9bc3b2df03470766f780,1949年
aed90d99a50d438324c2bbbca3be82fd,《香港基本法》
df27f9329b52eef874a6aadb69bad5ce,百年
c9693b2c878b366af0231a037a5a0738,黃金三角經濟第三極。氣候
7fed28d662ef4c8c5886ab772813d303,惠河是大運河
57419aa2b580ef5bd1a40d123ba7194d,2017年
21c68f264cb814c25258d53136ca6fa9,三重縣位處日本中部的近畿地方，紀
a6f48e58cd036e4290c6e7c8bffa5684,蘇冷戰
0ef058739f63c742dc4fb143fc3137f5,第一次世界大戰
dcf841f549f27b09559468236c7f3359,《中國人民政治協商會議共同綱領》
eb2739863faa116eaa8c66add3a52d49,1945年，其早期
b81ac3944dd63beaf1a0d125ef975c33,1949年
d38cf0aa0ab84d2e6e4d08909e71c8bc,2014年
b553fe85d262a970242282010f731a20,真正忠於司
594a362b4797b5498a67242f21ae62e9,《憲法增修條文》
fdeb0b9b3f786721e11318ebb912c6da,2005年
bced1aa1ad4905db15327464d48ee000,青藏高原南部地區。在中國行政區劃概念中，狹義
c2faa507bdd8105f9a15dda94073df30,2002年
95c05a91ec6f09edbad2525070472786,1998年
0b0634a698c26db7342cb2ce1fc0e392,聖願。聖女在修院
e6846b1c99017be47b6b1082af255cfc,1994年
08918ffb0844f3161a86175a41bba367,黃土高原西部、渭河
6bf5856903cca4449a6c0030b720ece9,1999年
64963813c590c4efcefab2bece71e35b,1962年10月25日，蘇聯《真理報》
b180bb2948da6e43764639e39bdcbba6,1984年
f0a4fd6dcfab9b9c4ec48c5755d8bab3,第一個位元
3eb9e397936d9b5d2573bef26603b97a,1934年
060eb17c251b10d9f983792e96aaf4e9,美是一個政治地理學
4d5e1d31a72ffbf46ba18fcf444c61c8,《文心雕龍》
a9f5943e8ce9ecbeca2f5ce587352a44,1900年
b2e769cd40df05783e63478b3e0e41ae,1999年
090a0ed063164855b3a6a1b664290713,五十二年
50227b335c7331a7d09b811b41cb21e7,1841年
ec98d080f48fbb80572ac4ce84b8d46f,"3萬5千人入場,一些國內打比戰,如上海打比戰、廣州打比戰"
4956192a9fed160d62d9e7b723168d1c,2015年
99838607919a238cc066c362c3f444ba,八萬年
78478954aa21e410d0de16e0fcce1d4d,2013年
14ce8f1cc0f5390d49bc73da7ff2c89a,2010年
8d310afe5dd76212b3ae3bcd6e96f6ce,史的城市，於794年
16146cc92a124ab7b5d83eb5d5cee8a1,瑞典軍隊
9c12b0947519725c30f6060c318674de,1952年和1965年
72d8dadd78094559a285deb7b9da484f,1945年美軍於仁
309b781d469f4af5f12595f2c04a5b72,吳所處的江南，社會
e25c7a33b2a341debbf491f7a8b29b4f,2004年
a3fc6bccdd9aad257d78e7674bee94f3,伊斯蘭國家、非洲、黑人。而下屆2020年
b4d1622bb64626847390cab887cf28c2,1848年
c7756619f1022b863d439246570eb9eb,阿拉伯數目字和英式標點符號，因此只能用於顯示現代美國英語
47852d1717d501d9e570077b994682bc,劉備所建，他直到赤壁之戰
bcad5dabb558da4280caab4c50818185,2011年
fd06b9eedf75b6bf556fb49a01437478,《中國共產黨章程》
584fc68608b403baa05a5248f5361c8d,2013年
4398e8f517a86c4ac903555629d3e774,新聞言
e75586ca29d9e01b39c88436f574e198,三國時期
991d1ab9ac223dfab090ce7fc7a53728,馬通用公眾授權條款的最新版本釋出的自由軟體。它的文件
00a536e8e8bbdf71ab1b17c2c6ef33a9,1994年
c3e3ccc4d223c0a81bdb1bedb54c1196,2008年
6547307a39fda361fdbfbd54c7cbf6ae,1960年
4a2ab32d20f3b14678e59a75f14d5ee1,曹魏、蜀漢及孫吳。東漢末年
52196f31232fd44742a3a18b680c2ffd,1916年
975247fd0181dd785bfe6989ce61fa56,喬治亞理工大學共用亞歷山大紀
9fefd21d910a2a4e88d9700da6d94084,8位元色重現真彩色的圖像。它實際上是一種壓縮文件
2187f4e976eefe10b4aea4229c42489f,《短歌行》
f4fb8ad0fdebc51dce2fbf75a3390f4c,45.3公里
f295faea41f6dbd61109e0fa095429b5,1956年
d3e6177dd092737fdd6b338778e93d0f,腓特烈在科林會戰
6a40aa5811d8e725cace15e5dbd57290,阿拉伯
06a3097b3383ba0bb55b9c4847627112,盧，但被羅馬人和日耳曼人組成的聯軍擊退。460年
8892d7701dfcaa1f2df26648d252b0f7,1873年
a301342a6d0f7f737f06c177beee35d0,1950年
0a4bbc6c0526f704828fcd59219497f7,1900年
8f96df6c0bd058e4b2735759a2774498,劉備率軍與龐統、黃忠、魏延等人入蜀，並不斷的收買人心。在212年
8c79c803869a4c9da2d08e19557cfa4b,《過境協定》
1779d65886754389f5157c08cd8877a7,1911年
dcb7e90bacd63949dd5d44a8b677d85b,2002年，納西索·貝尼特斯等人計算出大約在200萬年
7dcbd299665d4a68ac0dd5bab9cfa9cd,2013年
30e07dd5f02a8920be6857d56f115121,2011年，《中國青年報》
0d0cb5dad393d9c3dfbc67de6c449d0c,1932年
4e0a38ced082aefa75d0bad9b044723b,2008年
bbe422ccfa244e78837d72343daf6e00,2009年4月1日改為播出一條全日廣播的亞洲高清台，並在2011年
c5937cea142132f1d2f2205a023cca1c,查資料
063134c8947ca65d9bbad48352cf72b7,1948年其州最高法院
5559b1d3bae993cbb3e64b79e4f11da8,2005年
f635c5328a67f3b4ea199803a69c628c,1931年
05a0bcfe990c78d4501086f71f9ff3d4,永濟渠和江南河
b91bc3ed52d62adbad217f9d0856bd76,基於理性和仁慈的哲學理論的世界觀。作為一種生活哲學，人文主義
759e8c5b6cf9640be3f7838a5f92b9d0,1949年
7cd246812eac2a1f58a9294b9e1c8789,1911年
1ee0ba3474bedd5c051f9381bdf42129,1905年
69e7ea7e9fcef8c9811637b898591ed0,1993年
659e476d1ff48bbc712bd5bb70dc74a1,317年
6ee78435059e04891bdf31d1e1b6400f,第十屆全國人民代
696b02daf5061c59de15a745283a04fc,烏海市
29ee855166f6ab403cfcd688075b9aab,632年
3e66cea9e8b685515689c753ae71f0fd,西比河
ee49ace728eff25d3f5515fd3e08d6fe,歐的溫和氣候
2bdfc7630e8f3d1788ced5244ffc7fd6,1949年
e7a2446e3ab0a1a78fb3fa58ab158648,農民工」子女接受義
85e4cd4211817c3d8beb728dfb9a871d,1956年
3dbfe876f272a148f593378e99ed3f8a,《義和團教門源流考》
5512046991049ad7197ea88f1fa6d568,《銀河英雄傳說》
6d5792808556783fb647215e047909e1,1997，前世界冠軍摔角選手被世界摔角聯盟聘請，包括冷石·史蒂夫
37400a5d3dd951c1825bfcfabf651270,2001年
8b09692562b60a8b99623c2536234958,2005年
511beb86bde93c05aaa65099ec772d0c,卡在實時反交織影片的時候
f9a1e85c0cfbbea21f651047a09f2e3c,黃金三角經濟第三極。氣候
270e10c65c5c2e384247afd26373b7fc,三十年戰爭
5860f0a3f98a9e4695b631686cf7b7c3,2000米
bc43eff4bb4c8a62fb6837697d753f70,2008年
b8cfeea6b1ab66afc4d6a82e9e424765,1949年
c3cfa512ad79cd5a59f0bdabe5f12334,延伸標記式語
109951dfc0c061fe63672231202aa4fb,漢獻帝與朝
d4cbdb5d46ddb614cdca6da2e3567b0f,杜勒-哈米德二世統治下，改革成效不大，一群年
a1f2a1d12f922590e3d343531d0aede3,2002年
cd1654e0e046c850e9950c4e015e2cb8,2007年
c91383ecc68bc02bf8e73b1a52b60a4e,1881年
762d1279d9c2617c5ce073191401d278,16世紀後半葉愈演愈烈，《奧格斯堡和約》
defe069f51899b254b62cc2e7627275d,1999年
d666532049255147770641c1dd3dab69,《西發里亞和約》
902e8e5a406d40c90e55360aac4c9e76,1950年
6a2f16641743863e1fcd84e432ce83bb,"120,437顆小行星中，有98.5%"
659566fa865f8691d0e4554f6b8b6abb,羽球聯盟
b344fd70c5e2c3cd1daf013c74d1c114,2014年
33d26e9c6ae7dce1f5f14992aa58ed6b,2002年
cd16df174626a363cbc48a71c6b7f43c,《全國各地標準時間推行辦法》
f833813b40c997140eabb156f0c37570,2013年至2015年
85bc12e03b4b71b1a6b99b626fbe8e33,《總統副總統選舉罷免法》
b16664385e6c1e77bb3f859fb55ed62a,1997年
89cb1b48eb756ccda453f311e8ec5ec0,2012年
94638b4f3a84a974c1641607529db5e8,1976年
5cda798192a4e59c85fcb179cd4b2f3a,1949年1月，九三學社發表了擁護召開新政治協商會議宣言，並於1949年
ceec2b5bf1ff01256dc3c34c55b6f756,2009年
faa06b3764d8d6bf953ce00f14eb1811,1945年
afc3293b9e85696c895d950255ba9870,艾塔斯卡湖至明尼阿波利斯、聖保羅為上游，長約1010公里
ff5b075266a56c2e5fbf198181f22c4a,1995年
d55f8857eb6d24d3d593d93e086dfed1,漢土地肥沃，物產豐饒，東漢末年
1f1a1843b269294a9bf6ee1c493b8adf,三重縣位處日本中部的近畿地方，紀
522b04eb0eefd5e07d22df0aa227f18a,1948年
266d5fd4de384c595141b50095c0971c,清朝末年的上海淞滬鐵路，經過一個多世紀
84c3bdc7acb5d742864c8b1d46dde072,元代
f7e80446e971ccc1d98adafb101e3c72,美洲板塊，但本來在海中，在白堊紀
3a2a4ea16f9b5295285dc5d9d0587000,新的老闆把球隊
6e5f8d4bc277f82cf781de8c9530682b,1945年
b6b80a52c734eeeff5449bdfa6b96be2,「所有權」
66b8b1b9fba980be2c2ea0aa41540c37,1960年
dccbc0da6aa05da9799c86a899f29f0a,伊斯蘭國家、非洲、黑人。而下屆2020年
c29d3300dc285629622bf453b11c055c,1949年
70031b1ec39c3808d6e81304a6476d31,2004年
b845a3379030278a9a69d8d5ce8dbc3b,黃河以南地區，但由於東晉內部出現糾紛，朝
9530427c80b92582a1cc57ea40087264,20世紀
c1ac560012f6f0caf7b57b9f9867c4d5,美國商船被擊沉的紀
513feb513bede21dc3dc2a700fc9eeee,《胡貝圖斯堡條約》，共同標誌著七年
00316b54d96b95af18bf1e3b866b7465,北洋政府為了獲取利益，投向比較有利的協約國一方，於1917年
7b0d70677a98892e7cdeb449ca4ab8c0,薩克森邦地處中歐的溫和氣候
8dbd42910fbd2efb36e6c0359c8247d4,1984年
3fd4196754d9d477457db270bf42fc90,二氧化
86b748fd119e984dddfe500ad8ae56c7,《太平寰宇記》
4e009d651f65cd5fb1e8098cba766fbe,《西發里亞和約》
e1e6283aef5dcce12490cbb2f1205915,《第二次地中海協定》
fca0089648981e423956b9a48d0e113f,ble」是兩個為廣泛的電子廠商所使用的詞語
b5dc87620bf91fc3481c218f307173b3,1950年
7aa542a570c770de13a1ddc9da20267e,2012年
266fcd375d79308cd83d05a286d1cf7e,1887年2月12日和義大利組成《地中海協定》
5d88540cf65991caad03140c196282ea,清代
2925368ae804706f69ea97fa2349992e,喬瓦尼·阿爾杜諾諾所建立，當時名為第二紀
a8e5c387ba8b9cbf3d1a05bc23621d93,《聖經》
7a122db29d80f12fbf5686f8677c490d,1970年
2efa8cec2fd93897ae7157d9b619671b,新世氣候
49b126df96b0bf761cdc5a7d84dcd81d,第安人，但隨著地理大發現和歐洲各國的殖民活動，印第安人迅
da26ad1241700c56b1a2de3af3c2928d,《三國演義》
878fd3d4bb2ef8617ed8798e7b4e1164,藍圖、低碳行動開啟生態文明新紀
2636d423fb4ad0548a121b2687906503,聖女德肋撒於1515年
fe352b46d3ecc7b5b907d959e210d3b4,俄羅斯
ba024e515887a756719ce2e1d4814637,1993年
9bf8bb41558489fb8b539663a3a6f0a7,1968年
46e4b190b3fd5edfb705d238d2d8f0d9,2016年
a6a0a888d05c0a29da997e1518d89400,1998年
04e07f5678aa08637d7be40b83ec2d5d,淮水南岸的山
528136b7cb669d02b5363c9a8c08d928,腓特烈已奪回大部分的西利西亞與薩克
cbaff69a78447910e2e5869448f76ba4,蘇占區的德國共產黨
82fe1d81ea1d7321c3742832a503f818,20世紀
ee486fe173f59ff10d3dbc60d1979199,1841年5月《轅門報》
1f3ef6cf83acf89cc32a95976f2943ce,1900年
ef2ba53993f24c98323e15e44739ac7d,1969年
db492c3633321dc674f1cd18bf039255,阿道夫率領，與布蘭登堡和薩克森選帝侯聯合，在1631年
38f6330ce49e017e0b107aab64472e10,1985年
4172bbcb500e3549fcbc3fc3e79a5b45,1990年
efb9550237c463beab0fe88ce266d495,1928年由時任監察院副院長陳果夫籌款成立，與中國廣播公司
b31936158c94bb9466591b74de804b5c,唐絲路貿易交流、宋元北方民族的文化衝擊、明清時期大航海時代
0196fb03c347f376c7d79d2b84cac484,1999年9月28日
6a48e3485f1c6a59d7ea98bb2b6a0313,1952年
44d132e711b3728e978341a85b5303fa,1948年其州最高法院
6cb350720f2e2ec224ff5799856cedbb,魏主要戰爭
e23a6c1a625dcec438e02fd8d5fd20af,清代
5a4f97c3efaf483e9e5a25e3be8e9ad8,1980年
c98a7d674ba6f20a352c8fcf7ac693c4,1932年至1933年
d04d9b59e45df008d2bfb9ea2a1de9d1,七零年
ce0fe6eacdfc82b75907b83379212728,1950年6月建立中央人民政府人民革命軍事委員會人民武裝部。1954年
cb98577bd8e9e0ae319e1ca5889d1715,惠河
597ed19ccae5f854bb501635179552ae,4世紀
02616d4e90f3919ff5563c39c502c078,1987年
82dc3aa500e67e7cda58f7548fb1b68c,《三國演義》
43a67e89480155f891cbf8cd3e7019a0,舊有的河道通航能力很小，元朝
486cf20243957e70a474a86045a83490,1997年
3996f2b183aa0ae2df0f799e6717842a,2008年，致公黨共有黨
86c307fee1c8b63594fa81adf9745aaf,俄羅斯
e6b47229545c60be2387b150716c2286,1994年
f6d44494fce2d4d5821b88289e88fcbf,2006~2007兩年
6afac1e4b434537427d34764db81ce55,曹魏將分軍隊
5209336d27db86635e7af590efeeee2f,《三國演義》
6b6e4014dac39690f7b96f503904cca7,1928年5月前稱為中國工農革命軍。隨著1937年
fb5c8f6cec4f81409a0cb6b1e2086bdc,2013年
a676e47574da280b2dd27b8d5972ff0d,2002年
eb8783d39ac5c76986529a68bdf0e6b4,1980年
99ecf5ddf6ab787148d510077cfb4d54,1761年
c230d7a6bb1c72ff542a98709164bf50,16世紀
29efad3c4a47294c97b70522272b1def,阿拉伯人的兩輪圍攻中拯救出來，8世紀和9世紀
0652529da99339d146f4e4529ae021d7,2017年7月的第41屆世界遺產年
448676ad6097dcfde1691c2bb6f6647b,1928年
2d23338b9861b442c8dff745c8104dc4,2009年
73183082ea206ab274ce49fb5752a291,《改九子山為九華山聯句並序》
3e880d11d77f60dbc3eb4ff97214474a,1991年
dd5289da84ff303dd286513cfbe6bbc8,20世紀
b7e4b2c41a046677a595587bec8d47bc,《中國共產黨章程》
db3011c7e30720eb070cbd27e49a671f,19平方公里。中山全境都在北回歸線以南，瀕臨南海，氣候
4c2c5435974d7e9ca5eb25ecd8815877,1949年10月，中華人民共和國成立後，成立政務院
4ae04b65d9e7d4cdc08feb0a1f9d8109,2008年
65c6d58d52efc6e2a9414e53de01456f,2009年
cd4ff7dafa58fe1356dc0df1912f7d01,阿拉伯語
837ec721df77967f0019516fe24f88e0,2007年
995977a2385f55d1ac1912a2bbd01d43,伊斯蘭哈里發所征服。到了中世紀
a6af33b6bb4acdc7e09593ee72251309,《財富》
29fff050147d47bb85353fad7c54c287,《義勇軍進行曲》
a3d4e799996e2d6213aaec2be86d6297,2002年
50bb70ca45e5bf8dfd60de469a264e4a,1999年1月發現的仁義師太肉身是世界上唯一的比丘尼肉身。在氣候
9544962dc0a1b08a5a7951ecfad4695c,腓特烈在軍力為一比三的局
935fb6c97b01933c85411584ca9c735e,黃河以南地區，但由於東晉內部出現糾紛，朝
5cbf53911194d11f20d46b323b709e47,2009年
4b2bbab202fed047df50245ca049ea6b,烏克蘭族是東斯拉夫人的一個分支，烏克蘭的主體民族。有時候
69721cad0a25555ca0575b28cf1794fc,蘇畔度，佛教4世紀
ac22eb6ea06cbd061575689c00e7dbe1,腓特烈在幾乎沒有受到任何抵抗的情況下占領德勒斯登。在1756年
2549b4af99e2c9f6d659273eb6ff8cb9,16世紀
784d5f9f018114f5afca2b51c1d51153,阿卜杜勒-哈米德二世統治下，改革成效不大，一群年
537737bb4b223ecb30cb2d84f1b39fcd,牛和羚羊也很繁盛，一些駱駝從北美洲進入亞洲。鬣狗和早期
310db52d1afc7ba3c2ea5ac3e5c65234,唐代
dedb365f87713dc2802d37ce7551333c,美尼亞語有一個漫長的文學史，其現存最古老的文學作品是第五世紀
0954205fd7e05bb6f1fd5e56538ab741,臺灣地位的爭
295a7080c6db24a21b7c49eda0cc8f5f,1949年任務決議，其中指出：1949年及1950年
6fcded45b7c3012b6ac81e36d0c7ba52,1963年
4fccf70e941253c35bb8d93743bdd651,2015年
4dac79d6eff3431a0b53c9179ba44635,1962年
dc99e78c8cd9e3ddbcb88c01848f87c7,1080p24，如果在PAL制的國家電視上顯示，就要稍微加速4%
734007e7eb47ca0a4d267158c518497f,1968年
ca7e773d2d1ac229e5c21bc521a2196c,2014年起施行的教育政策，將由施行前的九年國教延長至十二年
12a13044d843ad25f593286161d37213,2012年
d9be67a7ff340ed9929539fcbebefa6c,秋末年
7d539626a01ea17d8b642e19ebbf8b81,俄羅斯對鄂圖曼土耳其帝國之影響，是為《第二次地中海協定》
ebb8f47efb676bf334ad3fc8157be4d2,海運和現代
9279fe81fda5f3d396f36550918f72e2,2013年
ea2b6f61f78d88b77f314963fd02cfe8,2005年
991f60759e92b5e091b5c45877d87d7f,2002年
839986895dc2eb3f694e29ab1ffd69e1,1986年
1df391970e1a511472098ea2c9fe6fee,2001年
87681d05b25b3ad92cc32824c6779a63,1949年
1972fb47880e718d0fc85add0739cfbc,2006年被延攬擔任行政院副院
ba9531e6231e628d0c83d741ef40459a,1949年
b4419b304d516b62b5a470ab813b33f7,農村義
10ed41b5ead5c0246c8ce9d6715731c6,2015年
c86a21790bbb3dda55cc49e02319de7b,《中華民國憲法》
0bb1b35e83ddb9db44392c4282516e53,20世紀60年
20be6e2527629f7e1751e0f025e5adad,2008年的研究，認為自然燃燒的最低氧氣濃度是15%。發生於二疊紀
dd1ae6fd0a9dc19afc2dac28ed354f9b,《巴黎和約》
5454e3eaa9b6276e4e1bd0f38550b3fc,1645年3月，瑞典軍在波希米亞大敗神聖羅馬帝國軍，而該年
b29c6829f4cceb690d5e84063ec5e2e9,俄軍與萊西將軍的奧軍於10月份時短暫占領。而雖然年
c73ccca638e0825053e877957b03bc4a,俄國很大可能不會於1758年
986f85d605605f08c7b7af895256802c,三國與外族
f60f8f942e291faaaf9913228726adfe,1965年
da81df4dcf69cb171ad7ed48f9d66126,1949年
18a9f59577204cd1cb1ea7e0687bbd38,14世紀
8394bff6fe6c358cccce0faa346297c5,香港
8a81ecc2b55254ccf97af204d208ad4d,2006年7月13日，「國際在線」推出了漢語、英語、日語和朝
44b98afb9e8118b1fc16e79908396b93,2005年
aba2f71133fcaeefafc94399ecdc4b45,巴伐利亞發動機製造廠股份有限公司
969175d176c42ca2d7d7a97014281488,2006年
841e3d8c2b263f0d955feba940a39d76,2015年
823f8cb036f2ae3565402bd0b4616416,1843年
ef651a2895f60227fa77b4d5f5d65cc3,2006年
c53d8104909580062eca8294153d0c98,十屆全國人民代
09ceddc11b3663280eb35486545b205f,1978年
ca5dc0b764f1af0b8978f9778df055ca,1900年
8940c13850e80215815ffaf473c720c6,1950年，中央人民政府委員會通過第一部法律《婚姻法》
da666f4542d2b86eac689cba06331127,2002年他們推出華人音樂史上首部自傳式紀錄電影《搖滾本事》
2669e58d3a4999358eaf3965d59a9c04,1984年
e4e3bb96ce60c87c1dd3521bd7631a4e,臺灣各界常有延長義務教育至12年
50c027772ac633537bd0706aa7113317,1980年
efeca91ee989ef7076edae460c6516fa,1979年
47a7f80163c9f1b1db088382c458d664,180元，貧困寄宿生500元，當年
0398ee3a3f240a998c5a40503c044e4a,7世紀
814ca53aca8a236f94650a9498d4b377,2010年2月，《行政院組織法》
98d85c3192ee89b776496b3730595173,2009年開始規劃公車捷運系統，2013年第二季完成規劃，中山計劃從2013年
bef2adeae83dc6f00e1cb7f2d2effee3,2009年
4726b2f05575e2b6ed78a638d56c2448,1960年
9e947f7484f0eb436b9460367def51a9,2011年
3b766f326c64c92eca442ef1a0150d05,阿拉伯海，海岸線長1906公里
ad8428f1b5bc4251b4f57d8c798cd829,1970年
6d8f3edd99eedb2abbbf8aa3d52f2760,2003年
1325b306d7b63efa2358f9920981e831,白堊紀
97f3ffd0144ac0d07fc27b5c387643e5,1984年，最早開工的是瀋大高速公路，最早通車的是1988年
09df94b293b24ee58df03e58ed1597d4,《震驚世界的中國數字》
dc7c8b4853c494583a80cc919ef31198,1937年
a02f305ae8ea7626d01bd467ff10f572,臺灣的開發是由南而北；而北部的開發，則是從淡水河
544e69fed1920d3b6ea5ff9c66e37414,1950年
73b28f64256aea90e8da24f19c007a60,1970屆畢業生，組織他們回校學習，培訓後作為補充師資。1972年
8eb07714e77ac00728c395a5bebc5517,副主教
2bf7b39aa0238df60d5a48e0d59e306b,《布加勒斯特條約》
90daacfae2aba42c1d351e9fb0527a79,三重縣位處日本中部的近畿地方，紀
676485332316b5268abdcbfa5de7fb54,《滿洲地名考》
aed6b8a719d5b307e59870d33d4f0662,1950年
c4521f98ca9db5eafba491273ea9fbae,第二條之定義
c3031c71a210a461a78569519b16a5b5,美洲的有袋類動物幾乎滅絕。巴拿馬地峽的形成對地球的氣候
1cbf55d70e4471b0ed078714bf1d1cd5,1998年，其目的是尋找及記錄對地球存在威脅的近地小行星。從1998年
e77fc370b8b286a7d214ebf7faba06ea,阿道夫
7321c0c3c9af14648f40e377a5dc2d77,1975年
0e9e61c7ae1b393f88e923350ddb6f65,1881年被設行省之間與中國是與朝
0b0a9d8eee91950aa133468e7d2daf8a,1997年10月簽署《經濟、社會、文化權利國際公約》
883bb0ce1821305154b28f1e4eb450ef,黃巾之亂
5db9479b21aa2ed0cafcdb5b3465fcb1,1956-57年
cbe761fe9489cc4d7625eca6818e7ac4,1970-71賽季選擇加盟
01660872246c4d603a08befc7b042ad4,徐州
db0fcde22f7de7b1ecdef0f6f6f77fa7,《印度對華戰爭》
74b89924888c7724b7dd7b1c4934c5a5,《世界人權宣言》
a841fc948582e63384d5f73277175969,1950年，中央人民政府委員會通過第一部法律《婚姻法》
0049e690c5f60f485bf8ae4d52168596,三疊紀
f947d2d76d4ac8e7b66c429e528db371,2009年
fee89b32af495fef87a03475d1bd51ad,1999年
0c23bb15eda8e4db655afdf53c7f956f,1990年
2e2a69f49bbead8ed1ba7c307f9cde55,《人民日報》
058d67ecc427f03c912b57d8103f3514,《三國演義》
cf32fa3418e38b5e898026a403903621,2016年
01638cce6c06258885dfb191b42222b2,永濟渠和江南河
baa191aac9b39a7467f5e77b8c62de97,2010年上海世博會全球合作夥伴。1908年
c63af3ae0ab0db2864c73426480010c0,香港十八區
4c46f28f6246ed20c2c61eea6f1e919c,2005年
fcfe17cd8a5601ea7caf27b0b29fc1f0,研究院
b7f7221555ec65ce2fb5c09490c0655a,17世紀
00650540905a584f49cf8ec6d235342a,1949年
ed49fec98c26692c9345a49f49d5d274,"俄軍統帥薩爾特科夫伯爵率領47,000俄軍擊敗卡爾·海因里"
e329636f584f746627457f12782b2099,1960年
58102bd929698421a233a1296abcfe09,《總統副總統選舉罷免法》
a78a36680e60ecf9e67c4c112db4a068,農聯盟
0631e86b662189b92eaeec748e70b73c,8位元色重現真彩色的圖像。它實際上是一種壓縮文件
795891e1dc061b72272cd990b1cb8c25,牛、熊耳、外方、桐柏、大別等諸山環抱；中部和東部沃野千里
0dec302e568b09342dfe7fcfe8590652,1949年
9bece6290d38777d4fe3476d31dcdd60,1941年
fb46b2794ec9ab36c204d8cbe9b9c604,1997年
87a1bd070fa6f46fda730d05d24c6936,荷蘭語，其中西班牙語
810b8017f967afbf10ee425ad64ef594,2013年
b7c196abd74d46aa61d2e88c366ee38b,2013年
58ee4aa2946afddb4ba86ef56dedde66,1949年
a53868723db99793d4c4febdcf466fd9,《中國共產黨章程》
2c4018dd6a62f452e0fb89a7cd3e7eee,《義勇軍進行曲》
8a9d7fad9697a81a0ec90634d4e0761f,劉備所建，他直到赤壁之戰
fcc2b921bfe2fc1b723a369e807d74c2,2013年
3fc3c02e6c0adc3b8855d10a570fd213,《紫釵記》
8f12a61a5bb677c2882208a379d224a0,2003年
93aebdaafe85b6024ef4b6af54c4e940,2013年
93248bb14133281059ef69b86b4c73d5,劉惇、趙達、嚴武、皇象、曹不興
3239a900cfc45a36a4fe719a7a998dbf,1848年美墨戰爭
5acfad8afa87b83b5540fbd0a6bbbd8b,2013年
23035b37ce96810cc6bace5a9600fe45,五種權力：外交權：依據憲法規定，總統對外代
a209407d65147e9ad0821bb67dbd3d6f,腓特烈·威廉大選帝侯統治時期
fb5ba5aa6829bd154a957e03c142a020,2013年
c21d198c049b4f91cfd033a2105521e9,秦瓦解，北方大亂
a245500eba8f7e39b610a4d5a3ad9fb3,香氣，與大量的調味。按烹飪特點分又可分為：選料、刀工、火候
02013e38f7085369984a853821b768bb,趙雲因出身於正定縣興建了常山公園等旅遊景點，每年
01b64f7f13d85b92ea8360667cf0d6ad,1948年建立以色列，和以英國和法國為主的歐洲列強在20世紀
3961b3b2ea57d95e7c986ede0d4b1545,2002年
77f83cfd52aa5824a0a14ab8efc50256,卡在實時反交織影片的時候
66722dc7cb9cf470ac57af4feac5406e,阿曼、卡達、沙烏地、敘利亞、阿聯和葉門；巴勒斯坦、馬格里
7bfc00de12a573defd20585bb42071d4,1980年
83dd9cdbd2656dc89e1a81b080021576,1949年
004a8946ca1726d36c431a232dc8f80f,2009年
7c44569f12ae71317b9dac2aa482f1cf,2008年9月20日，科大舉行了建校五十周年
ec7098b3e9e0b2e5677ab5806d6b80bc,宋院
3db5619ad068110561c5691e333357c9,2002年10月24日，由非營利組織－維基媒體基金會維持運作。截至2017年
c65f65e110135bc67a1c25188678de9e,2013年
e3bf9a9fb5464239381571fd32abe298,三大蠻族
df44db8c6eacdd98ba1d8cee66f19159,1854年
67f7fbe701c22a0a40cd36a767711c61,2013年
91bad7d31528ee0f24735e26b2515cce,1950年
e2537fe2bbc50d5d85fc88566faa712c,中山
80256a3afe760c7448020de96eea744b,1979年
a92d2dd6b32590e66eb42f60565661d8,1997年
148a9cb2c304b6d913abc8a239f7c3ab,1980年
7adfff847c5e46742cfa0db91d4f7213,1953年
ec1e6d68b41e477e87afbd470c46a55c,《改九子山為九華山聯句並序》
1cf35b442a7a86ff5165b1e68f419db7,《盧貝克和約》
5a9a59203f9f419e4795fda6a2a71ad8,《盧貝克和約》
f672ae40bcec706c19791226d3f76a11,2009年
fb920dcdea1434e19fe84cf63a279717,羽球聯盟
412bfc735636f07ccb63d8c537fb9e76,2006年
b0e205f73ee6ee1afe1711f590910a58,劉協為帝，即漢獻帝。190年
6956a7dcf66df3aa66eb9a80d66ecd44,1916年
bd3729a5291c49e9d722c48455ff0c38,俄羅斯帝國從東普魯士撤軍的決定。預計俄國很大可能不會於1758年
13f6061a65b0bf18a1716c242ec0ee22,美國著名職業摔角上市公司
8c8344c91a3b3e16f965a9b32fa2eb38,哈布斯堡統治者感到吃驚和意外的是，同宗奧地利哈布斯堡皇帝
ef0e1abaa215e1e70231741008a8be59,1990年
f44edbf764946a1481048f171f61c4bb,2005年
222c3514b68d260f90e3fe21f0524c1e,9世紀
90c01370a390eb630d86563545556cf3,南，完成了江南運河
5f2dcef7342a64cdfabfa5e6ec2bae25,1896年
6c1e095da77f404006056d35d9275382,《曇無德羯磨》
451ceffbd268e65008e5839e64a91976,第一次世界大戰是一場於1914年
e75ea48f3aeeb3777278cd2782edd464,16世紀後半葉愈演愈烈，《奧格斯堡和約》
bfb4a5b603582f8c01394bfd53d162ff,1985年
ed103e5771d69f175fd95f7676104fbc,1949年
e4bb1148f4f500fd5ed6bc0abb3fb9d7,中山市
9c1beb8628acc30d4bb09d4ab52141c5,1999年
1a064e47864a8134881df25562b7386f,2013年
e05a2aefae04dc3da0544e777d318226,孫吳所處的江南，社會
67462e58120a889428c49cb9ee7ab6ee,1993年
c22ee18f096213d7f98e82f96349372e,卡邀請獲得資格。2016年
b13e4f793b2e636068fdb91a2f4cbfea,《義勇軍進行曲》
cac675381d6e6b22d696f1b82aaf5974,1949年
05e9775306c52ea2092a08c6d9743b9d,蘇冷戰
3214872168c09498472c19c212bd362d,《水滸傳》、《八仙過海》
f37ac4ebfdf13040130c4a3bf5635daf,1774年
65e4e5f8d367c4229f24fa1274759d0b,郭守敬，經過全國
c223a2745e60148a5962dd789fc10431,烏克蘭這一名詞直至1917年
dff6e615ab0e60ef567d02b859ecfecf,秦朝
87660a51458145625c8e8faf1d084cf6,宋院
746639e34a6edae928831d352f286268,《步出夏門行》
20ae504d2fa4e272d5d06703e1f8a317,1972年到1976年期間，學校招收了一些學制3年
91ac336c2b443a3a35c81cb0bf5a619a,20世紀
2731a95a697e85d610cd665bb265ec50,聖願。聖女在修院
692c495657590ac183da2b936e3b4f0d,1782年，小欖舉行了首次的菊花會。現在每隔60年
c8d9f5e47b2dc6f713422f6f9e056525,1916年
dea3bbec90babea1a46c636ac936551f,1985年，世界摔角聯盟在國家廣播公司
ed450e81901d07fe4b1b39ab902247c3,1993至1996年
471b24dd03e1f6571efe343ffc3f110a,15世紀
d512d0b9eb193018094a3561f39882f2,1979年
9a597d9aee17a50987c770d8cda08789,《國防報告書》
5bbd0758f28edddd01075e1e7a18a7c2,喬治亞理工大學共用亞歷山大紀
0a22215970b161d97348fd5528d3b49d,1908年
848e5b4ded4c8f54b92d52f2da7febca,2016年
306f87b2ded732ab368526c8346cca64,第二次國共內戰時期
5a7f293936143369d5c1a609ec61d07d,1945年國民政府接管臺灣，由於政府官員貪汙腐敗、軍隊目無法紀
b04cbc079668d669767d95c119037ae2,《禪國山碑》
ec67eb9675befece4e7f4dcd91b98397,1989年
adc25903e785084f638552a5285f215c,研究顯示了全球亮化
5e822729779fbd8f3159d1d56bcaa1f4,2002年，納西索·貝尼特斯等人計算出大約在200萬年
f137ed61c71fcbb31ceff5c60a1bdc4b,美洲的有袋類動物幾乎滅絕。巴拿馬地峽的形成對地球的氣候
cf4d2b9b206d48ee1d82c5385520e173,19世紀
6402cb0b94b5eeb2bafce20a5a29c976,臺北市市中心偏北。此區因孫中山曾於中正區梅屋敷，今國父史蹟紀
f36c45a61487c327e48e65eae50b6005,1994年
ef72331bddebc8aa3b5ee57d04b33b7b,《民主周刊》
a8130a2d6f8997f39caa785cf6b1730c,2006年7月13日，「國際在線」推出了漢語、英語、日語和朝
b8aac85be1e3dcd858d3f404aa0a376e,《中央行政機關組織基準法》
87b2fba222e4ee5f5496c21579529623,《關於各級黨委暫行組織機構的決定》
7d7f10652255fa1c0cb7cff1212c2e90,1960年
973e27d218e9ae3a04479ce66ba7d731,1945年
ed043c9ecb35b39be89f43b1254375fb,8世紀
fd90eb4bc19486188f3dc2ac75e45245,1971年
8c18c57a6ee80ca48a84dcede71bd6e0,漢諾瓦，布倫瑞克
f021331f7e32be80a1940c6952939416,《盧貝克和約》
e1b5536bd806d1ddac7dbd76b94d667c,宋是中國繪畫藝術的鼎盛期。隨著畫院
ba4c8354a8131f486de0e1aa99f66f26,1953年
ff95f895876e9b27ab8864571e84b6f2,2015年
e92c27d1d5c24c43698a37b19e6fb0f7,蘇畔度，佛教4世紀
9ca8351165db05ab83d2b4fa93233127,黃河。長達三百餘里
4667d49540b1f7e3c106d7664daf0f0f,腓特烈在幾乎沒有受到任何抵抗的情況下占領德勒斯登。在1756年
25c245f44fc96cfd7ea1157104d80db8,1972年
81209426dfab04c12f37d1f0e3619685,2013年
2d2c76599bdcd54b805327c551ac7aa6,2002年新建立的軟體學院則只進行碩士培養；具有科大獨特風格的少年
c3553ad879e3bd1b4b83d69c0441a0a8,第一次鴉片戰爭
1b566002f11ab2a178278a6f70bbb7a2,美國著名職業摔角上市公司
374c235397f7d9a7e4a675c395f6bc05,美國資訊交換標準代
04f267eba42789ea6236d2949bf7ddea,09′至113°45′，北緯22°11′至22°46′，東西寬45.3公里
a2bc39ca70b4598d71885dea766566ea,朱紅燈和心誠和尚。1899年
66ba7b61128e442d6edd77d5780dc8cb,第二次獲得了NBA年
9fb09cdcf667e5bc1bdb96a79a91cd9f,1881年
ea5aea9bbe36ca1c6cc010c5705d6a8e,腓特烈簽署《英普協定》。協議規定英國付給普魯士每年
7421ffad55ee8f7e1f95509ebb27f2e1,荷蘭叛亂的背景對於認識導致三十年戰爭
176b23e3255a202d57181e535c1bc472,劉惇、趙達、嚴武、皇象、曹不興
6465cac9a4b98065e2b2ae3b0de67bea,曹操去世，嗣子曹丕繼魏王位後，同年
d280b70fe3770fdc12e64a3ffd2fdc7f,徐時輔、何希琨等人。張愛萍
c4bfd24cd90f78d03ea8110c3cd1723a,1995年
533b7428a18779f915336a02b0d031e6,2006年
cc60dcdc8273315c0bf09cd1f1a813e3,1949年
5c0e1dda9c4945f8925da23f25feddd3,1949年
5f25899ff296e9e34d4e06a920598022,《三國演義》
d42338d714c35a1ee7b96eca530cef8a,1949年
5f570a69c0dd9069b104a2fc58a7e624,1998年
b3a25a9885635738eb2ac5315b345da7,秦瓦解，北方大亂
e30dfe511a36bddec548dab0b4df3e05,2005年
e32fbaa7000ca2dadb7a3dec9151923b,1947年
2481ba4ba992bf375658e535255067cd,2008年
048f3bad8c9aae0a325c15c2bc57581a,2008年
794585ab3528a5c00c55b7ac279f9bac,1985年
387bc41b25bb3936d38f14b2240b6a7c,史上的原因，目前世界各國的下議院，不論是一院
7855fd621112cbe1a703f8540a20193f,2016年
0dc1dbb13981110fded8918cdfd779d5,阿里
0cc07c33beebea237157f663bd7fbdbb,2015年
0896c245ec872606ba13749f014d78c5,1995年
6ed58268cb07b5958fa46c804299053f,2015年11月1日提早7個月宣告於2017年
94d96dc9ed7590fede70fc30e6ebeb33,阿烏馬達，是16世紀
888348e2d7f067976fa9ddcccb3a49c2,2015年
d9c5f3930f4fc1ca4799d43280366f49,《三國演義》
23f9c62c6e6982aafe86f1cb9246c50d,2012年
dc22fe2c31841ef2cc756fe3c7af102e,劉備展開反攻。揚州
53f88fd1230a128a597881b20380a4e4,1915年5月義
30766cc4dc194a46a9a4c5372bd62f71,咧巴等。飲食方面如對俄式食物和朝
d9e9af2a7000ebefdc36501df429f9a3,《中國共產黨章程》
f759b957c833ff0135f36ec0fb285116,1949年底至1950年
96e39851bb5583a94b03e1f98802f7e7,1980年
65d2fc3edccd2cda710cf0b6e2a2be0e,1968年
b791225436a92626bd91504496556a7e,1999年
05bcbbbf2bb6c3f70d38d12a96ac1ebc,圖檔格式是一個靈活適應性強的檔案
916fe6912e2a389d9a81d854936c8fce,2012年
1aca689bf6c850090e9490ec0199097c,《民報》
f6ae725bc6ea4bb006836f13079fc587,雲是大氣層中由水或多種化學
ebdb6e5a69f49b08c9a8f4020c06955b,哈布斯堡
f4c9fc7a0bf2a5cddbb20c938c7da705,2013年
5280b9e5ac10f2ca776f2d37188ff8da,《觀察》
0a3768448ecbcf201dc5c56213edb790,1928年
0ff4bb05441640e29f259ac97b99ed96,1958年
e77ea4d0547b42f6bfeb1bb057368482,1949年
6a2613cc67e40d48f53b3708b602fecc,1970年
8e0d53ff81195b55813a4776abffd057,《義勇軍進行曲》
a22378e4efc0b01405c7604b545138e3,馬德堡
4f13f3bb3c88b967ba8ac63a008fe784,1949年
05bf3a771499bec6bdac9801a94dfc6f,《關於建國以來黨的若干歷史問題的決議》
e8734ee5e95ed7a18c70c020f6ae2fa0,五帝
c41a0a55fc7eb0e3cf9fba537d643e8c,2008年
d8053bf4edd3e702f20b13d18e522766,1911年
9e3ca6a323b92f33f22ffafcf16c1712,2007年
b6b54f651ca057f10a25b59020158220,孫中山在三民主義之民族主義
2a770fa27bb6734a6894907096b66894,1992年
2b172ee5ff6c8c6d4769c4161d6d63de,三角經濟圈
48eb5404eb7f6d712cc7fc4d0be8351d,新世氣候
71f43b1eb2a54001e1dca5e046f4996d,劉徽又著作《九章算術注》
3cd2a47b48e2ca76932d7807a642cedc,1998年
ccd39e0a2bc780a0fdf2dceb33fdb705,1985年
ea31c8cb123e753fcc41126817931c46,1949年
422eeb1e83c19220ff12e4da93f57e34,1971年
71d718dae7bd5f8491e3c4cb3c753707,南，完成了江南運河，這是大運河
26b4ac291da6a25d5d0084af49748633,1994年
c4fd151a42d82291ff49e03b21518710,2015年
f2343fb994760c7b9bc7f484f6f61141,1842年
901dcb92651e051d55d571fd812853d1,曹魏、蜀漢及孫吳三國。這三國大致繼承東漢的疆域及政區制
565f37c68c0d47bc364d21ec90567b7f,1927年
5e46b1eb9d7656addb53b24bf737979c,2010年10月17日時，IMDb歡慶了他們20週年的紀
ffa27a31eafee12dba4937ca6833be5b,2002年
849c606cb25a42d3458cd124dcfc17af,1949年
050dce821b7231620f8689cf8f999523,三疊紀
cf747f17103ccd187f936c770f1d9ac5,1080p24，如果在PAL制的國家電視上顯示，就要稍微加速4%
c9498a790979209b5bb164473e4769e5,《清明上河圖》
88922f4b2556d8064fa9c01fdde15d6b,16世紀
99d7d4919a7ccb5e964e405bf59892a0,1979年
89a51527120cad54b2630eebb6956118,1949年
d180ae711821e01df0db81d8c8a7ac7d,南，完成了江南運河
ce3aec22b2765d98c94b3be7540d1c06,馬德堡
eaa9c90c70aded6b10125c40014daa4a,腓特烈在軍力為一比三的局
dcf332e846950890e5948c566df5d8d0,1931年4月15日採用20℃作為標準溫度，它在1951年
574052aaa238c4a54e092c8e5bac3766,1801年提出的。1929年
4cc85ed9175484b52dd0739048bf0f32,2009年
108435bc5eb6d7486cd9280fae767d26,腓特烈二世又一次發動主動進攻，他率軍進入波希米亞王國，期
8997621542e157c632a380be75909a69,俄軍在東線進展的關注與日俱增，並且決定前往迎擊。在1758年
2e02ef5d6db645e82dd4cb92971bcf69,隋唐時代
af220a43c88afab0e224480e949cf0cb,《鵲華秋色圖》
807a739091cb02cb91397910c9cd3849,維基媒體是一套基於網路
d69be2f3b06aad186df4d0047d06c8da,1949年
98499bb9c252c27373ffc21291dfd214,188年
e0581dd9c8fef6dd89a960a7e3d461df,吳軍以舟師
069446885260499c54ecc94049f612d9,《尼布楚條約》
111f9efe6e7c9fd1b76901c5ef053b70,2010年
c13ad6372425e400cc2887d0e8c37de6,1949年
053cba75997f3a5ada5d40fdde5ff7dc,1948年其州最高法院
78976f075f3e14b9e8723b5bb187569c,《中國共產黨章程》
a293de5fffeb38ecc01400c16e6d1e35,農紅軍成立之時起，該軍隊在中國共產黨
644f62f5cb87d498f28e83a202ef67e7,2008年
8f6a50fb31ed21e1620a893a4ffcb91e,《威斯敏斯特條約》
71e5ec6a6d71af40c0e28f77f5327640,吳同盟
f2b508b6f59f1e54765cf02156a8baa8,1911年
68d518c2958294e091dfce10950c8b68,1956年
b802eff86c2927438bbe9aacffac8240,2004年
834985e65c8c7feb6de3ff9f0e9de287,《三國演義》
d8f85c3608b28f3262046ff80cdd501e,2009年
c78a8fd628df9f3960fa653f6470ae75,《關於各級黨委暫行組織機構的決定》
e0e229747b7697a181d2054fa39922b6,史上的原因，目前世界各國的下議院，不論是一院制發展出的下議院
6d9ae14f5864c63922e3717c14fa3d0d,20世紀
fe49943c16130bc9798173deeaa1a8d4,2007年
f81e52babb4bb158565877c4cd77160f,2004年
d2d5853e473bc15a07a00afd87c62f01,黃巾之亂
973c6966850f08125b2e1996955079e3,1984年
fdb99cb40e462ec4106317535d73f166,2008年
3d5776c53eaa5ae1d88fb3eba1d59060,1949年
99b55eccd9889e273eefc8da955a07a3,《中華人民共和國憲法》
d51c3a7f6cb76a84aa6350df91faa7d5,419部隊
831b899abf732d67a15d33ce04cf5863,李向南的名字一時家喻戶曉，美國紐約時報報導這段歷史時候
9742b51e025adaf2ce93d20864d8e55b,1949年
a2f99ea63659d7401e029651e9ddb0a6,紐卡斯爾公爵對於這一新的聯盟體系能夠阻止戰爭
